A_ldd_effective_rank,A_ldd_spectral_entropy,A_ldd_variance,B_ldd_effective_rank,B_ldd_spectral_entropy,B_ldd_variance,LDD_cost_P,LDD_cost_uniform,LDD_gain_over_uniform,M_max,M_mean,M_std,Q_inverse_entropy_mean,Q_inverse_entropy_std,Q_peak_ratio_mean,Q_peak_ratio_std,R_energy,case,distance_type,kappa_1,kappa_2,kappa_3,kappa_4,kind,ldd_effective_rank_mean,ldd_spectral_entropy_mean,ldd_variance_mean,mask_label,mix_base_kappa,n_points,one_mode_kappa,plot_group,r_bins,r_max,r_min,rep,seed_a,seed_b,seed_rot,sinkhorn_epsilon,uniqueness_level,weight_1,weight_2,weight_3,weight_4
nan,nan,3.1972707802196965e-05,nan,nan,9.294399205828086e-06,0.004113299772143364,0.004139830823987722,0.006408728513886963,0.01599312014877796,0.004139830823987722,0.002623090986162424,1.000037431716919,3.005767212016508e-05,1.0532816648483276,0.02284015528857708,4.417615127749741e-07,uniform,geo,nan,nan,nan,nan,uniform,nan,nan,2.0633553504012525e-05,none,18.0,1200,4.0,uniform,100,3.1400950303543946,0.0001,0,28,40,112,0.05,-2,nan,nan,nan,nan
nan,nan,1.716426959319506e-05,nan,nan,4.129708031541668e-05,0.005679399706423283,0.0058600991033017635,0.030835553067126376,0.025712966918945312,0.0058600991033017635,0.004125378560274839,1.0002548694610596,0.00023847617558203638,1.1125036478042603,0.0597417950630188,3.0139503845324117e-06,uniform,geo,nan,nan,nan,nan,uniform,nan,nan,2.923067495430587e-05,none,18.0,1200,4.0,uniform,100,3.1386132302873904,0.0001,1,10028,10040,10112,0.05,-2,nan,nan,nan,nan
nan,nan,2.1567662770394236e-05,nan,nan,1.9558696294552647e-05,0.004053758457303047,0.004117307253181934,0.01543455272369465,0.02462196536362171,0.004117307718843222,0.0024920369032770395,1.0000896453857422,7.56886656745337e-05,1.0878280401229858,0.046289920806884766,1.0586231170843046e-06,uniform,geo,nan,nan,nan,nan,uniform,nan,nan,2.056317953247344e-05,none,18.0,1200,4.0,uniform,100,3.1407229312044187,0.0001,2,20028,20040,20112,0.05,-2,nan,nan,nan,nan
nan,nan,6.07216679782141e-05,nan,nan,3.252971146139316e-05,0.008588763885200024,0.009346630424261093,0.0810844662365029,0.05115032196044922,0.009346629492938519,0.00807719025760889,1.0010648965835571,0.0009592899004928768,1.212510108947754,0.12643025815486908,1.252891340603431e-05,uniform,geo,nan,nan,nan,nan,uniform,nan,nan,4.662568971980363e-05,none,18.0,1200,4.0,uniform,100,3.140390585242585,0.0001,3,30028,30040,30112,0.05,-2,nan,nan,nan,nan
nan,nan,1.2670874639297836e-05,nan,nan,2.969258275697939e-05,0.004161844030022621,0.004246089607477188,0.019840744129896337,0.019526002928614616,0.004246089607477188,0.00288631534203887,1.0001188516616821,0.00010782987374113873,1.0811667442321777,0.038965873420238495,1.4041467026496927e-06,uniform,geo,nan,nan,nan,nan,uniform,nan,nan,2.1181728698138613e-05,none,18.0,1200,4.0,uniform,100,3.1398206339717167,0.0001,4,40028,40040,40112,0.05,-2,nan,nan,nan,nan
nan,nan,2.7004023650079034e-05,nan,nan,8.115666787489317e-06,0.0035018844064325094,0.003524297382682562,0.006359558747846772,0.015133858658373356,0.003524297382682562,0.0022978659253567457,1.000031590461731,2.6299769160686992e-05,1.0495494604110718,0.021826481446623802,3.7315068766474726e-07,uniform,euc,nan,nan,nan,nan,uniform,nan,nan,1.7559845218784176e-05,none,18.0,1200,4.0,uniform,100,1.9999994392809188,0.0001,0,28,40,112,0.05,-2,nan,nan,nan,nan
nan,nan,1.4642193491454236e-05,nan,nan,3.476182610029355e-05,0.004814477171748877,0.004952277056872845,0.027825560553549233,0.023219583556056023,0.004952277056872845,0.0036235761363059282,1.0001945495605469,0.0001966758572962135,1.1000890731811523,0.05697339028120041,2.2999280675624808e-06,uniform,euc,nan,nan,nan,nan,uniform,nan,nan,2.470200979587389e-05,none,18.0,1200,4.0,uniform,100,1.9999977807586067,0.0001,1,10028,10040,10112,0.05,-2,nan,nan,nan,nan
nan,nan,1.867303035396617e-05,nan,nan,1.665175295784138e-05,0.0034816344268620014,0.0035370364785194397,0.01566340974821634,0.024014949798583984,0.0035370364785194397,0.002357647754251957,1.0000780820846558,6.995132571319118e-05,1.0844652652740479,0.04833235591650009,9.233949822373688e-07,uniform,euc,nan,nan,nan,nan,uniform,nan,nan,1.7662391655903775e-05,none,18.0,1200,4.0,uniform,100,1.9999998108947459,0.0001,2,20028,20040,20112,0.05,-2,nan,nan,nan,nan
nan,nan,5.1634604460559785e-05,nan,nan,2.7518788556335494e-05,0.007367581129074097,0.007931848987936974,0.07113951106747429,0.04284476861357689,0.007931848987936974,0.006919334176927805,1.0007933378219604,0.0007016892195679247,1.187333106994629,0.10713531076908112,9.336878235141437e-06,uniform,euc,nan,nan,nan,nan,uniform,nan,nan,3.957669650844764e-05,none,18.0,1200,4.0,uniform,100,1.9999996387573864,0.0001,3,30028,30040,30112,0.05,-2,nan,nan,nan,nan
nan,nan,1.0817178917932324e-05,nan,nan,2.5228955564671196e-05,0.003547713626176119,0.003610959742218256,0.0175150432453407,0.01715087704360485,0.0036109602078795433,0.0025204105768352747,1.000089168548584,8.480905671603978e-05,1.0715795755386353,0.03502780199050903,1.054366099803398e-06,uniform,euc,nan,nan,nan,nan,uniform,nan,nan,1.802306724130176e-05,none,18.0,1200,4.0,uniform,100,1.9999992149864398,0.0001,4,40028,40040,40112,0.05,-2,nan,nan,nan,nan
1.238390245584047,0.21381234719443584,0.0032326453365385532,1.2656311262318936,0.2355709117805726,0.0031955200247466564,0.02656397596001625,0.6428810954093933,0.9586797991888375,9.123016357421875,0.6428810358047485,0.9580020308494568,1.2334282398223877,0.3341119587421417,9.463913917541504,34.50448989868164,0.004721544186274211,one_vmf,geo,4.0,nan,nan,nan,one_vmf,1.2520106859079703,0.2246916294875042,0.003214082680642605,none,18.0,1200,4.0,one_vmf,100,3.1283179870681668,0.0001,0,40,52,124,0.05,-1,1.0,nan,nan,nan
1.2683857280724984,0.23774501170492218,0.003364676609635353,1.2788998791500157,0.24600023896187564,0.003338477574288845,0.029933514073491096,0.6729772090911865,0.9555207610761226,9.197893142700195,0.6729771494865417,1.0092500448226929,1.2348779439926147,0.25936973094940186,9.265832901000977,24.982812881469727,0.0045219087600708,one_vmf,geo,4.0,nan,nan,nan,one_vmf,1.273642803611257,0.24187262533339893,0.003351577091962099,none,18.0,1200,4.0,one_vmf,100,3.124164246488545,0.0001,1,10040,10052,10124,0.05,-1,1.0,nan,nan,nan
1.2634582035044495,0.23385256736579646,0.0033660358749330044,1.242069534993771,0.2167789682514962,0.003405523020774126,0.02890729159116745,0.6797954440116882,0.9574764852488914,9.663400650024414,0.679795503616333,0.9798587560653687,1.2369956970214844,0.323827862739563,9.051392555236816,31.0993595123291,0.004490577379862468,one_vmf,geo,4.0,nan,nan,nan,one_vmf,1.2527638692491103,0.22531576780864632,0.003385779447853565,none,18.0,1200,4.0,one_vmf,100,3.1326816134667803,0.0001,2,20040,20052,20124,0.05,-1,1.0,nan,nan,nan
1.2867771589558357,0.25214076595773893,0.0034391756635159254,1.2871228825756684,0.2524094039128525,0.003257854375988245,0.026326697319746017,0.6698066592216492,0.9606950797557925,9.761849403381348,0.6698066592216492,1.0229219198226929,1.2570289373397827,0.8008235692977905,10.266417503356934,44.80851745605469,0.005341998338699341,one_vmf,geo,4.0,nan,nan,nan,one_vmf,1.286950020765752,0.2522750849352957,0.003348515019752085,none,18.0,1200,4.0,one_vmf,100,3.133675340005429,0.0001,3,30040,30052,30124,0.05,-1,1.0,nan,nan,nan
1.2957233352775444,0.25906909927477456,0.003446107031777501,1.2683010840607551,0.23767827582616116,0.003421342233195901,0.02722252532839775,0.6867685317993164,0.9603614259129267,10.07656478881836,0.6867685914039612,1.0183849334716797,1.2414546012878418,0.39631855487823486,9.69605541229248,36.546058654785156,0.004803209702173869,one_vmf,geo,4.0,nan,nan,nan,one_vmf,1.2820122096691497,0.24837368755046785,0.003433724632486701,none,18.0,1200,4.0,one_vmf,100,3.1297827659767856,0.0001,4,40040,40052,40124,0.05,-1,1.0,nan,nan,nan
1.2212426279321091,0.19986888786296877,0.003077799454331398,1.2422485640170302,0.21692309554633862,0.0030290265567600727,0.026352964341640472,0.6107457876205444,0.9568511729826067,7.879322052001953,0.6107457876205444,0.8867223262786865,1.2248765230178833,0.2670174837112427,8.828826904296875,28.919490814208984,0.00427175760269165,one_vmf,euc,4.0,nan,nan,nan,one_vmf,1.2317455959745698,0.2083959917046537,0.0030534130055457354,none,18.0,1200,4.0,one_vmf,100,1.9999559459679155,0.0001,0,40,52,124,0.05,-1,1.0,nan,nan,nan
1.2510653282140198,0.223995450915896,0.0032230743672698736,1.255293425429177,0.22736935037843917,0.0031702008564025164,0.029439687728881836,0.6418524980545044,0.9541332505238892,8.038605690002441,0.6418524980545044,0.9381420016288757,1.2288535833358765,0.2371968775987625,8.720216751098633,21.536975860595703,0.004203859567642212,one_vmf,euc,4.0,nan,nan,nan,one_vmf,1.2531793768215984,0.2256824006471676,0.003196637611836195,none,18.0,1200,4.0,one_vmf,100,1.9999240631360171,0.0001,1,10040,10052,10124,0.05,-1,1.0,nan,nan,nan
1.2442179527129835,0.21850718211619416,0.003231592010706663,1.2294510794864464,0.2065677929328924,0.0032593451905995607,0.028397155925631523,0.6515626907348633,0.9564168477885008,8.333250999450684,0.6515626311302185,0.9196404218673706,1.229671835899353,0.25500527024269104,8.556873321533203,26.461483001708984,0.004150668780008952,one_vmf,euc,4.0,nan,nan,nan,one_vmf,1.236834516099715,0.21253748752454327,0.003245468600653112,none,18.0,1200,4.0,one_vmf,100,1.999980148372822,0.0001,2,20040,20052,20124,0.05,-1,1.0,nan,nan,nan
1.2640931531027428,0.23435499008412436,0.0032851709984242916,1.260841730470995,0.23177953798030074,0.00310454610735178,0.026201529428362846,0.639062225818634,0.9590000341597427,8.447267532348633,0.6390621662139893,0.9478094577789307,1.2388856410980225,0.4395604431629181,9.575159072875977,38.00665283203125,0.00481500784556071,one_vmf,euc,4.0,nan,nan,nan,one_vmf,1.2624674417868689,0.23306726403221256,0.0031948585528880358,none,18.0,1200,4.0,one_vmf,100,1.9999843290558668,0.0001,3,30040,30052,30124,0.05,-1,1.0,nan,nan,nan
1.268539878098082,0.2378665367708513,0.0032817211467772722,1.2521878308037824,0.22489228602900133,0.0032680665608495474,0.026720251888036728,0.6549975872039795,0.9592055720356181,8.560458183288574,0.6549975872039795,0.9464650750160217,1.2318719625473022,0.28210005164146423,9.056610107421875,30.841209411621094,0.004371976057688395,one_vmf,euc,4.0,nan,nan,nan,one_vmf,1.2603638544509321,0.2313794113999263,0.00327489385381341,none,18.0,1200,4.0,one_vmf,100,1.9999651317389584,0.0001,4,40040,40052,40124,0.05,-1,1.0,nan,nan,nan
1.214883231164286,0.19464796613640603,0.0026078075170516968,1.2367801943612142,0.21251138510800033,0.0026780583430081606,0.03452044352889061,0.5290104150772095,0.9347452478343884,5.834981918334961,0.5290103554725647,0.7050188779830933,1.2060941457748413,0.15359528362751007,8.531167030334473,14.066816329956055,0.0032036604483922323,mix_u0,geo,18.0,18.0,18.0,18.0,mixture,1.22583171276275,0.2035796756222032,0.0026429329300299287,none,18.0,1200,4.0,mix_u0,100,2.1617786158370356,0.0001,0,1017,1029,1101,0.05,0,0.25,0.25,0.25,0.25
1.2527028781266947,0.22530351940404209,0.0027578796725720167,1.2512539876594329,0.2241462385828207,0.002594561083242297,0.0355021171271801,0.5366820693016052,0.933848885293709,6.256869316101074,0.53668212890625,0.7286964058876038,1.213369607925415,0.19633051753044128,9.470246315002441,18.971542358398438,0.0036551288763682047,mix_u0,geo,18.0,18.0,18.0,18.0,mixture,1.2519784328930639,0.2247248789934314,0.002676220377907157,none,18.0,1200,4.0,mix_u0,100,2.457260015605229,0.0001,1,11017,11029,11101,0.05,0,0.25,0.25,0.25,0.25
1.247342680241362,0.2210154326682952,0.002657699165865779,1.2233900444577586,0.20162573019125407,0.0026045632548630238,0.032700058072805405,0.5264455676078796,0.9378852058316466,7.655254364013672,0.5264456272125244,0.7191946506500244,1.210365891456604,0.21713995933532715,9.025912284851074,22.627260208129883,0.003636612097422282,mix_u0,geo,18.0,18.0,18.0,18.0,mixture,1.2353663623495603,0.21132058142977464,0.0026311312103644013,none,18.0,1200,4.0,mix_u0,100,2.5804347172863817,0.0001,2,21017,21029,21101,0.05,0,0.25,0.25,0.25,0.25
1.2837362841985251,0.24977479803492783,0.002543338108807802,1.2391730511846362,0.21444426293814994,0.0027802279219031334,0.03658764064311981,0.5333671569824219,0.9314025242009312,6.5065836906433105,0.5333672165870667,0.7230809926986694,1.2125667333602905,0.2070738673210144,9.431727409362793,22.427730560302734,0.0037025789419809978,mix_u0,geo,18.0,18.0,18.0,18.0,mixture,1.2614546676915808,0.23210953048653887,0.002661783015355468,none,18.0,1200,4.0,mix_u0,100,2.4183588571883683,0.0001,3,31017,31029,31101,0.05,0,0.25,0.25,0.25,0.25
1.2486073521249859,0.22202881192304968,0.0026481393724679947,1.2847569678985384,0.2505695704197937,0.002613511634990573,0.036652322858572006,0.5279877185821533,0.9305811071571942,6.850098609924316,0.5279877781867981,0.7158041596412659,1.2107748985290527,0.19213517010211945,9.609405517578125,23.858957290649414,0.0035976537068684897,mix_u0,geo,18.0,18.0,18.0,18.0,mixture,1.2666821600117621,0.2362991911714217,0.002630825503729284,none,18.0,1200,4.0,mix_u0,100,2.517728896369126,0.0001,4,41017,41029,41101,0.05,0,0.25,0.25,0.25,0.25
1.2119343111644802,0.19221768746914492,0.0025443595368415117,1.2330050565610446,0.2094543251965431,0.002614008728414774,0.034311361610889435,0.5162744522094727,0.9335404619305703,5.620095729827881,0.5162743926048279,0.6850035190582275,1.203418254852295,0.14895741641521454,8.321370124816895,13.146300315856934,0.0031186604499816896,mix_u0,euc,18.0,18.0,18.0,18.0,mixture,1.2224696838627624,0.200836006332844,0.002579184132628143,none,18.0,1200,4.0,mix_u0,100,1.764753228238559,0.0001,0,1017,1029,1101,0.05,0,0.25,0.25,0.25,0.25
1.2469625730360623,0.22071065264368292,0.0027010526973754168,1.2461207987425118,0.2200353648975388,0.0025377776473760605,0.03531070053577423,0.5252930521965027,0.9327790451670297,6.046008586883545,0.5252929925918579,0.7088108062744141,1.2107921838760376,0.19090785086154938,9.252223014831543,18.137346267700195,0.00356077512105306,mix_u0,euc,18.0,18.0,18.0,18.0,mixture,1.246541685889287,0.22037300877061086,0.0026194151723757386,none,18.0,1200,4.0,mix_u0,100,1.8840600290555385,0.0001,1,11017,11029,11101,0.05,0,0.25,0.25,0.25,0.25
1.2399601900072679,0.21507927426872586,0.0026117945089936256,1.2186020138681326,0.19770431143891087,0.0025609522126615047,0.032547470182180405,0.5174914002418518,0.9371052926348743,7.279613018035889,0.5174914002418518,0.7025460600852966,1.208010196685791,0.2061714380979538,8.789752960205078,20.70106315612793,0.0035279842217763265,mix_u0,euc,18.0,18.0,18.0,18.0,mixture,1.2292811019377003,0.20639179285381837,0.002586373360827565,none,18.0,1200,4.0,mix_u0,100,1.9217905522505196,0.0001,2,21017,21029,21101,0.05,0,0.25,0.25,0.25,0.25
1.2784939593800495,0.24568279096676487,0.00248688249848783,1.2338862403317643,0.21016873349601523,0.0027247725520282984,0.03637141361832619,0.5221425294876099,0.9303419821901536,6.237798690795898,0.5221424698829651,0.703890860080719,1.2098489999771118,0.1978221833705902,9.206427574157715,21.176528930664062,0.0035955516497294107,mix_u0,euc,18.0,18.0,18.0,18.0,mixture,1.2561900998559068,0.22792576223139005,0.0026058275252580643,none,18.0,1200,4.0,mix_u0,100,1.8706520179328017,0.0001,3,31017,31029,31101,0.05,0,0.25,0.25,0.25,0.25
1.2438285337281516,0.21819415019325064,0.0025957287289202213,1.2789427784311267,0.24603378229261028,0.0025624267291277647,0.03644021600484848,0.5176131725311279,0.9295995196052376,6.546383857727051,0.5176131129264832,0.697776734828949,1.2084035873413086,0.18730252981185913,9.428791999816895,23.654823303222656,0.003517443339029948,mix_u0,euc,18.0,18.0,18.0,18.0,mixture,1.2613856560796393,0.23211396624293046,0.002579077729023993,none,18.0,1200,4.0,mix_u0,100,1.9034849137388998,0.0001,4,41017,41029,41101,0.05,0,0.25,0.25,0.25,0.25
1.2464866548956623,0.22032891786372594,0.0025173125322908163,1.2602449637287636,0.23130611772486057,0.0022528122644871473,0.03740429878234863,0.4787890911102295,0.9218772952917234,5.211344242095947,0.47878915071487427,0.632435142993927,1.1977729797363281,0.14946161210536957,8.435522079467773,14.592015266418457,0.00304126779238383,mix_u1_1,geo,12.0,18.0,18.0,18.0,mixture,1.2533658093122129,0.22581751779429327,0.002385062398388982,1,18.0,1200,4.0,mix_u1,100,2.35013773827495,0.0001,0,1124,1136,1208,0.05,1,0.22,0.26,0.26,0.26
1.2878320944898443,0.25296025776344494,0.0023271406535059214,1.3092380337914875,0.2694453143927001,0.002316840924322605,0.03662688285112381,0.46457695960998535,0.9211607848958496,6.09449577331543,0.46457695960998535,0.620597243309021,1.2023212909698486,0.2097703367471695,9.551279067993164,27.769853591918945,0.0035462252298990886,mix_u1_1,geo,12.0,18.0,18.0,18.0,mixture,1.2985350641406659,0.2612027860780725,0.0023219907889142632,1,18.0,1200,4.0,mix_u1,100,2.5350487353784237,0.0001,1,11124,11136,11208,0.05,1,0.22,0.26,0.26,0.26
1.3570126956607602,0.30528573649117896,0.0022735355887562037,1.2751381211632113,0.243054503067171,0.002365716500207782,0.03662391006946564,0.464061439037323,0.9210796093175928,7.354973316192627,0.4640614688396454,0.6365878582000732,1.216792345046997,0.6281054019927979,10.014863014221191,37.531551361083984,0.004010833104451497,mix_u1_1,geo,12.0,18.0,18.0,18.0,mixture,1.3160754084119857,0.274170119779175,0.0023196260444819927,1,18.0,1200,4.0,mix_u1,100,2.7143089703440633,0.0001,2,21124,21136,21208,0.05,1,0.22,0.26,0.26,0.26
1.3007099524595611,0.2629102326763064,0.0023587036412209272,1.3304840262028972,0.2855428055032557,0.0023053453769534826,0.038901668041944504,0.4681608974933624,0.9169053454694045,5.740624904632568,0.4681608974933624,0.6288943886756897,1.202662706375122,0.18599773943424225,9.874685287475586,24.849456787109375,0.0035251760482788086,mix_u1_1,geo,12.0,18.0,18.0,18.0,mixture,1.3155969893312291,0.2742265190897811,0.002332024509087205,1,18.0,1200,4.0,mix_u1,100,2.364223695534568,0.0001,3,31124,31136,31208,0.05,1,0.22,0.26,0.26,0.26
1.2739160357986512,0.24209564901155609,0.0023381279315799475,1.2947249992001646,0.25829831677082044,0.002455011708661914,0.04528458043932915,0.48768582940101624,0.9071439486052969,5.782034397125244,0.48768579959869385,0.6456053853034973,1.2038737535476685,0.19810311496257782,9.578814506530762,24.640796661376953,0.0035553332169850666,mix_u1_1,geo,12.0,18.0,18.0,18.0,mixture,1.284320517499408,0.25019698289118825,0.0023965698201209307,1,18.0,1200,4.0,mix_u1,100,2.3704264128570642,0.0001,4,41124,41136,41208,0.05,1,0.22,0.26,0.26,0.26
1.2420448276397416,0.21675907596762894,0.002458927920088172,1.2569710303357902,0.22870488267251596,0.002193980384618044,0.03717830032110214,0.4670533537864685,0.9203981728860475,5.062499046325684,0.4670533537864685,0.6144365668296814,1.195093035697937,0.14560189843177795,8.248046875,14.122701644897461,0.0029652762413024903,mix_u1_1,euc,12.0,18.0,18.0,18.0,mixture,1.2495079289877657,0.22273197932007244,0.002326454152353108,1,18.0,1200,4.0,mix_u1,100,1.8454327770025398,0.0001,0,1124,1136,1208,0.05,1,0.22,0.26,0.26,0.26
1.2842870346824973,0.2502037275453156,0.002277642721310258,1.3049542765450406,0.26616800303060506,0.0022641271352767944,0.036452166736125946,0.45435458421707153,0.9197715440707194,5.8480072021484375,0.45435455441474915,0.6041004061698914,1.1993908882141113,0.19800956547260284,9.308320999145508,26.425495147705078,0.0034325615564982097,mix_u1_1,euc,12.0,18.0,18.0,18.0,mixture,1.294620655613769,0.25818586528796034,0.002270884928293526,1,18.0,1200,4.0,mix_u1,100,1.9087288940861384,0.0001,1,11124,11136,11208,0.05,1,0.22,0.26,0.26,0.26
1.3506829220934975,0.3006103327595516,0.0022277815733104944,1.2692205074697076,0.23840293838844748,0.0023186858743429184,0.036451734602451324,0.4547803997993469,0.9198476130050148,7.012882709503174,0.4547804296016693,0.6193719506263733,1.2102768421173096,0.4930582344532013,9.754080772399902,35.777809143066406,0.003863568305969238,mix_u1_1,euc,12.0,18.0,18.0,18.0,mixture,1.3099517147816027,0.26950663557399956,0.0022732337238267064,1,18.0,1200,4.0,mix_u1,100,1.9545305053038213,0.0001,2,21124,21136,21208,0.05,1,0.22,0.26,0.26,0.26
1.2957602552348193,0.25909759257290904,0.0022969956044107676,1.3267510671126879,0.2827331470313195,0.0022488662507385015,0.038630399852991104,0.45631635189056396,0.9153429420336539,5.5414276123046875,0.4563163220882416,0.6098952293395996,1.199628472328186,0.17945683002471924,9.631645202636719,24.01357078552246,0.003418229420979818,mix_u1_1,euc,12.0,18.0,18.0,18.0,mixture,1.3112556611737536,0.2709153698021143,0.0022729309275746346,1,18.0,1200,4.0,mix_u1,100,1.8508168104489753,0.0001,3,31124,31136,31208,0.05,1,0.22,0.26,0.26,0.26
1.2700802040585,0.23908005127841414,0.002276351675391197,1.2891144624902664,0.25395551946400474,0.0024003719445317984,0.04486045986413956,0.4758685529232025,0.9057293036310821,5.517206192016602,0.4758685827255249,0.6270976066589355,1.2008732557296753,0.19042247533798218,9.338237762451172,23.731918334960938,0.0034511955579121906,mix_u1_1,euc,12.0,18.0,18.0,18.0,mixture,1.279597333274383,0.24651778537120944,0.002338361809961498,1,18.0,1200,4.0,mix_u1,100,1.853158557868618,0.0001,4,41124,41136,41208,0.05,1,0.22,0.26,0.26,0.26
1.2095441399508167,0.1902435447805586,0.0026786336675286293,1.2288683626434558,0.20609371552544237,0.002533847698941827,0.03573763370513916,0.5242156386375427,0.931826464013888,6.8403401374816895,0.5242156386375427,0.6956894397735596,1.2580809593200684,1.8972318172454834,9.029275894165039,35.86503601074219,0.003859018087387085,mix_u1_2,geo,18.0,16.0,18.0,18.0,mixture,1.2192062512971362,0.19816863015300049,0.002606240683235228,2,18.0,1200,4.0,mix_u1,100,2.3555392591797615,0.0001,0,1131,1143,1215,0.05,1,0.25333333333333335,0.24,0.25333333333333335,0.25333333333333335
1.2524809656881628,0.22512635680604728,0.002687967149540782,1.2530497219560899,0.22558035745389488,0.0025307941250503063,0.03419084846973419,0.5219547748565674,0.9344946150188399,6.839560508728027,0.5219548344612122,0.7104315757751465,1.2138315439224243,0.2850925326347351,9.652959823608398,29.517112731933594,0.0039034231503804525,mix_u1_2,geo,18.0,16.0,18.0,18.0,mixture,1.2527653438221265,0.22535335712997107,0.002609380637295544,2,18.0,1200,4.0,mix_u1,100,2.5393516001609164,0.0001,1,11131,11143,11215,0.05,1,0.25333333333333335,0.24,0.25333333333333335,0.25333333333333335
1.22649694932541,0.20416209741238417,0.002610712544992566,1.2550557264729387,0.22717997516203278,0.0025665275752544403,0.034409791231155396,0.5186184048652649,0.9336510410962084,6.097218990325928,0.5186184048652649,0.7098132967948914,1.2100292444229126,0.2015993297100067,9.139161109924316,20.968400955200195,0.0035885024070739747,mix_u1_2,geo,18.0,16.0,18.0,18.0,mixture,1.2407763378991743,0.21567103628720846,0.002588620060123503,2,18.0,1200,4.0,mix_u1,100,2.3408864481716734,0.0001,2,21131,21143,21215,0.05,1,0.25333333333333335,0.24,0.25333333333333335,0.25333333333333335
1.2433352640649742,0.21779749785368033,0.002526508178561926,1.235894665091748,0.21179513298618288,0.0027348974253982306,0.035085391253232956,0.5266436338424683,0.9333792549674533,6.855968952178955,0.5266435742378235,0.7154450416564941,1.211000919342041,0.20381183922290802,9.28784465789795,22.116086959838867,0.003636596997578939,mix_u1_2,geo,18.0,16.0,18.0,18.0,mixture,1.2396149645783612,0.2147963154199316,0.0026307028019800782,2,18.0,1200,4.0,mix_u1,100,2.351940715958876,0.0001,3,31131,31143,31215,0.05,1,0.25333333333333335,0.24,0.25333333333333335,0.25333333333333335
1.2365656422758393,0.21233789373228157,0.002890506060793996,1.2731141141760383,0.24146595748700275,0.0026756383012980223,0.03847011923789978,0.5594081878662109,0.9312306825814635,6.847036361694336,0.5594081282615662,0.7769728899002075,1.2168548107147217,0.21554307639598846,9.768486976623535,21.5936336517334,0.0038136529922485353,mix_u1_2,geo,18.0,16.0,18.0,18.0,mixture,1.2548398782259387,0.22690192560964217,0.002783072181046009,2,18.0,1200,4.0,mix_u1,100,2.471529428073444,0.0001,4,41131,41143,41215,0.05,1,0.25333333333333335,0.24,0.25333333333333335,0.25333333333333335
1.2058824520865934,0.18721162430629373,0.0026223415043205023,1.223496699883038,0.20171290662113484,0.0024828058667480946,0.03546718508005142,0.5134149789810181,0.9309190683325141,6.584916114807129,0.5134149789810181,0.6782413721084595,1.2412168979644775,1.3931175470352173,8.867956161499023,35.50981903076172,0.0037825425465901692,mix_u1_2,euc,18.0,16.0,18.0,18.0,mixture,1.2146895759848158,0.19446226546371428,0.0025525736855342984,2,18.0,1200,4.0,mix_u1,100,1.847508219811326,0.0001,0,1131,1143,1215,0.05,1,0.25333333333333335,0.24,0.25333333333333335,0.25333333333333335
1.24711397068761,0.2208320584217972,0.0026410603895783424,1.2480961647137252,0.22161932203772208,0.002486275043338537,0.034046024084091187,0.5128103494644165,0.9336089372617984,6.576433181762695,0.5128103494644165,0.6937355995178223,1.2114449739456177,0.27556508779525757,9.467482566833496,28.636398315429688,0.003805861870447795,mix_u1_2,euc,18.0,16.0,18.0,18.0,mixture,1.2476050677006676,0.22122569022975963,0.00256366771645844,2,18.0,1200,4.0,mix_u1,100,1.9100095023149384,0.0001,1,11131,11143,11215,0.05,1,0.25333333333333335,0.24,0.25333333333333335,0.25333333333333335
1.2213406144806593,0.19994911976409815,0.0025542047806084156,1.2491828522579957,0.22248961935370068,0.0025076090823858976,0.034183088690042496,0.5070533156394958,0.932584823655219,5.887546062469482,0.5070533752441406,0.6901662349700928,1.2071812152862549,0.1935688704252243,8.89154052734375,19.596467971801758,0.0034749996662139892,mix_u1_2,euc,18.0,16.0,18.0,18.0,mixture,1.2352617333693274,0.21121936955889942,0.0025309069314971566,2,18.0,1200,4.0,mix_u1,100,1.8418468638278591,0.0001,2,21131,21143,21215,0.05,1,0.25333333333333335,0.24,0.25333333333333335,0.25333333333333335
1.2386324382360836,0.21400789861541414,0.0024744998663663864,1.2316367938188149,0.2083440114342538,0.0026844411622732878,0.034927479922771454,0.5163890719413757,0.9323620854495219,6.637693405151367,0.5163891315460205,0.6981480121612549,1.20853590965271,0.1974279135465622,9.08641242980957,21.31980323791504,0.00354328711827596,mix_u1_2,euc,18.0,16.0,18.0,18.0,mixture,1.2351346160274492,0.21117595502483397,0.002579470514319837,2,18.0,1200,4.0,mix_u1,100,1.8461270380196528,0.0001,3,31131,31143,31215,0.05,1,0.25333333333333335,0.24,0.25333333333333335,0.25333333333333335
1.2323421316814145,0.2089165308454924,0.0028434828855097294,1.2660610973511628,0.23591058270849824,0.0026233000680804253,0.038271963596343994,0.549451470375061,0.9303451430019485,6.6067280769348145,0.5494514107704163,0.7581537961959839,1.214496374130249,0.20716364681720734,9.568289756774902,20.59750747680664,0.003713070551554362,mix_u1_2,euc,18.0,16.0,18.0,18.0,mixture,1.2492016145162887,0.2224135567769953,0.0027333914767950773,2,18.0,1200,4.0,mix_u1,100,1.8887998317198937,0.0001,4,41131,41143,41215,0.05,1,0.25333333333333335,0.24,0.25333333333333335,0.25333333333333335
1.2814755581369428,0.24801219378558742,0.0025928900577127934,1.283696577669969,0.24974386711622756,0.0023989274632185698,0.045216284692287445,0.5067376494407654,0.9107698337745616,5.879981994628906,0.5067376494407654,0.672764241695404,1.2081151008605957,0.21330706775188446,9.668045997619629,24.933029174804688,0.0035732428232828775,mix_u1_3,geo,18.0,18.0,22.0,18.0,mixture,1.282586067903456,0.2488780304509075,0.0024959087604656816,3,18.0,1200,4.0,mix_u1,100,2.339823572628128,0.0001,0,1138,1150,1222,0.05,1,0.24666666666666667,0.24666666666666667,0.26,0.24666666666666667
1.3180305034479756,0.2761385795514832,0.0024025640450417995,1.325946070235606,0.282126219922711,0.0025785842444747686,0.03985597565770149,0.49867764115333557,0.9200766740503483,6.180495262145996,0.4986776113510132,0.6541813611984253,1.2109709978103638,0.18570847809314728,10.049153327941895,23.73439598083496,0.003620694875717163,mix_u1_3,geo,18.0,18.0,22.0,18.0,mixture,1.321988286841791,0.2791323997370971,0.002490574144758284,3,18.0,1200,4.0,mix_u1,100,2.3280190857327216,0.0001,1,11138,11150,11222,0.05,1,0.24666666666666667,0.24666666666666667,0.26,0.24666666666666667
1.295973964603409,0.259262508687716,0.0023741391487419605,1.2498042673909389,0.22298695296607957,0.0025812925305217505,0.03785552456974983,0.4968179762363434,0.9238040361250105,6.743945121765137,0.4968179762363434,0.6728777289390564,1.209141492843628,0.23650984466075897,9.624785423278809,26.82988166809082,0.003761043548583984,mix_u1_3,geo,18.0,18.0,22.0,18.0,mixture,1.2728891159971738,0.24112473082689778,0.0024777158396318555,3,18.0,1200,4.0,mix_u1,100,2.4013457152452022,0.0001,2,21138,21150,21222,0.05,1,0.24666666666666667,0.24666666666666667,0.26,0.24666666666666667
1.2908951832026014,0.25533591817535956,0.002496070694178343,1.338508513408591,0.2915559443678979,0.0025783574674278498,0.03990113362669945,0.5094959735870361,0.9216850854663658,6.725236415863037,0.5094960331916809,0.7024400234222412,1.2112467288970947,0.18969139456748962,9.822568893432617,17.894779205322266,0.003603938817977905,mix_u1_3,geo,18.0,18.0,22.0,18.0,mixture,1.3147018483055963,0.27344593127162875,0.0025372140808030963,3,18.0,1200,4.0,mix_u1,100,2.596923986001763,0.0001,3,31138,31150,31222,0.05,1,0.24666666666666667,0.24666666666666667,0.26,0.24666666666666667
1.2871007463144408,0.25239220551487357,0.002471187151968479,1.3513769770367363,0.301124055611311,0.0024398367386311293,0.04034625366330147,0.4931202232837677,0.9181817095339769,6.0552568435668945,0.4931201934814453,0.6533838510513306,1.2107048034667969,0.19832360744476318,10.179862022399902,20.571115493774414,0.0036923821767171224,mix_u1_3,geo,18.0,18.0,22.0,18.0,mixture,1.3192388616755886,0.2767581305630923,0.002455511945299804,3,18.0,1200,4.0,mix_u1,100,2.31704014648403,0.0001,4,41138,41150,41222,0.05,1,0.24666666666666667,0.24666666666666667,0.26,0.24666666666666667
1.277005023452358,0.24451751083464446,0.002539680339396,1.2789393173191925,0.24603107606002822,0.002339837606996298,0.04479067400097847,0.4953438937664032,0.9095766101800357,5.66163969039917,0.4953438937664032,0.6548102498054504,1.2052679061889648,0.20344986021518707,9.465310096740723,24.61141014099121,0.003489284118016561,mix_u1_3,euc,18.0,18.0,22.0,18.0,mixture,1.2779721703857754,0.24527429344733634,0.002439758973196149,3,18.0,1200,4.0,mix_u1,100,1.8414323548700178,0.0001,0,1138,1150,1222,0.05,1,0.24666666666666667,0.24666666666666667,0.26,0.24666666666666667
1.3146473428318957,0.2735684493069728,0.0023467473220080137,1.3217628097136511,0.27896630756643104,0.002522109542042017,0.03963436186313629,0.48744967579841614,0.918690351371724,5.934961795806885,0.4874497056007385,0.6366110444068909,1.2079544067382812,0.17833788692951202,9.788665771484375,22.683361053466797,0.0035113855202992756,mix_u1_3,euc,18.0,18.0,22.0,18.0,mixture,1.3182050762727733,0.2762673784367019,0.0024344284320250154,3,18.0,1200,4.0,mix_u1,100,1.8367938079799426,0.0001,1,11138,11150,11222,0.05,1,0.24666666666666667,0.24666666666666667,0.26,0.24666666666666667
1.2915901521337767,0.2558741353248956,0.0023233455140143633,1.2451151122820912,0.21922798530686982,0.002530287718400359,0.03763949126005173,0.48661378026008606,0.9226501739430106,6.486981391906738,0.48661375045776367,0.6557164788246155,1.2065308094024658,0.22898729145526886,9.413314819335938,26.101322174072266,0.00366963783899943,mix_u1_3,euc,18.0,18.0,22.0,18.0,mixture,1.268352632207934,0.23755106031588272,0.0024268166162073612,3,18.0,1200,4.0,mix_u1,100,1.8645653802820836,0.0001,2,21138,21150,21222,0.05,1,0.24666666666666667,0.24666666666666667,0.26,0.24666666666666667
1.2848403209059271,0.2506344467393487,0.0024547658395022154,1.3339485261594648,0.28814336066161206,0.002531493315473199,0.03959999606013298,0.5006067752838135,0.9208960045782796,6.462461471557617,0.5006067752838135,0.6861397624015808,1.209119439125061,0.18515676259994507,9.638551712036133,17.469295501708984,0.003525396188100179,mix_u1_3,euc,18.0,18.0,22.0,18.0,mixture,1.309394423532696,0.2693889037004804,0.002493129577487707,3,18.0,1200,4.0,mix_u1,100,1.926291261753159,0.0001,3,31138,31150,31222,0.05,1,0.24666666666666667,0.24666666666666667,0.26,0.24666666666666667
1.2826212901076675,0.24890586677439241,0.0024167143274098635,1.3473814369662191,0.29816303252078225,0.0023802409414201975,0.04008423537015915,0.481675922870636,0.9167817333877313,5.8334641456604,0.4816758632659912,0.6352902054786682,1.2077382802963257,0.19314134120941162,9.934989929199219,19.970399856567383,0.003592025438944499,mix_u1_3,euc,18.0,18.0,22.0,18.0,mixture,1.3150013635369433,0.27353444964758733,0.0023984776344150305,3,18.0,1200,4.0,mix_u1,100,1.832422223497316,0.0001,4,41138,41150,41222,0.05,1,0.24666666666666667,0.24666666666666667,0.26,0.24666666666666667
1.283663764577388,0.2497183053810534,0.0025776498951017857,1.3711283878162812,0.31563404157594216,0.00250697648152709,0.04129321873188019,0.5108908414840698,0.9191740869499072,7.379915237426758,0.5108909010887146,0.6847717761993408,1.213104009628296,0.22136758267879486,10.192781448364258,26.562915802001953,0.0038097910086313884,mix_u1_4,geo,18.0,18.0,18.0,30.0,mixture,1.3273960761968346,0.28267617347849777,0.002542313188314438,4,18.0,1200,4.0,mix_u1,100,2.215300201428686,0.0001,0,1145,1157,1229,0.05,1,0.24,0.24,0.24,0.28
1.3882455178193323,0.32804073247910515,0.002346437657251954,1.388127406002966,0.32795564894048973,0.002501967828720808,0.041226502507925034,0.4848923981189728,0.9149780391116593,5.979653358459473,0.48489245772361755,0.63205486536026,1.2120468616485596,0.1673738658428192,10.359100341796875,18.494857788085938,0.0035858428478240966,mix_u1_4,geo,18.0,18.0,18.0,30.0,mixture,1.388186461911149,0.3279981907097974,0.002424202742986381,4,18.0,1200,4.0,mix_u1,100,2.2450514744359773,0.0001,1,11145,11157,11229,0.05,1,0.24,0.24,0.24,0.28
1.331213274459864,0.2860907628348667,0.0028975256718695164,1.4090721399982014,0.34293143103684187,0.002542407251894474,0.044558629393577576,0.5449567437171936,0.918234557316165,7.139835834503174,0.5449566841125488,0.7370896339416504,1.2218830585479736,0.23122017085552216,10.798750877380371,24.760196685791016,0.004082207679748535,mix_u1_4,geo,18.0,18.0,18.0,30.0,mixture,1.3701427072290326,0.3145110969358543,0.002719966461881995,4,18.0,1200,4.0,mix_u1,100,2.270432824695285,0.0001,2,21145,21157,21229,0.05,1,0.24,0.24,0.24,0.28
1.3988503532651813,0.3356507230321537,0.0026248893700540066,1.440364577907142,0.3648962606456707,0.002565585309639573,0.0424487367272377,0.5191599726676941,0.9182357289428235,6.654174327850342,0.5191599130630493,0.6959536075592041,1.224892258644104,0.2113247513771057,11.438465118408203,25.449838638305664,0.004180454015731812,mix_u1_4,geo,18.0,18.0,18.0,30.0,mixture,1.4196074655861617,0.3502734918389122,0.00259523733984679,4,18.0,1200,4.0,mix_u1,100,2.4044768207082083,0.0001,3,31145,31157,31229,0.05,1,0.24,0.24,0.24,0.28
1.3459770832947298,0.29712020529359107,0.0024965291377156973,1.3811936618271612,0.32294809763464033,0.002540969057008624,0.04317944869399071,0.5058447122573853,0.914638924461031,5.8305230140686035,0.5058446526527405,0.6678363084793091,1.2120753526687622,0.17050397396087646,9.845458984375,15.969772338867188,0.0035294445355733236,mix_u1_4,geo,18.0,18.0,18.0,30.0,mixture,1.3635853725609455,0.3100341514641157,0.0025187490973621607,4,18.0,1200,4.0,mix_u1,100,2.180545335669194,0.0001,4,41145,41157,41229,0.05,1,0.24,0.24,0.24,0.28
1.2789659470289332,0.24605189755808204,0.0025162079837173223,1.3656721811069308,0.31164674779933166,0.002449420979246497,0.04087718203663826,0.4989243447780609,0.9180693777233463,7.020463466644287,0.49892425537109375,0.665017306804657,1.2101686000823975,0.21214638650417328,9.959111213684082,25.602975845336914,0.003710578680038452,mix_u1_4,euc,18.0,18.0,18.0,30.0,mixture,1.322319064067932,0.2788493226787069,0.0024828144814819098,4,18.0,1200,4.0,mix_u1,100,1.7893026076514769,0.0001,0,1145,1157,1229,0.05,1,0.24,0.24,0.24,0.28
1.3852789091830116,0.32590149783686767,0.002291126875206828,1.3852545904181677,0.32588394254302416,0.0024454889353364706,0.0409894697368145,0.473710298538208,0.9134714405338004,5.777888774871826,0.473710298538208,0.6148175597190857,1.2090907096862793,0.16291961073875427,10.12276840209961,17.76348114013672,0.0034880522886912026,mix_u1_4,euc,18.0,18.0,18.0,30.0,mixture,1.3852667498005897,0.3258927201899459,0.0023683079052716494,4,18.0,1200,4.0,mix_u1,100,1.8023959787001376,0.0001,1,11145,11157,11229,0.05,1,0.24,0.24,0.24,0.28
1.3264069195639492,0.28247372218560957,0.0028366660699248314,1.4033438426889535,0.33885784785012485,0.0024844834115356207,0.04423714801669121,0.5330600738525391,0.9170128280345967,6.8137288093566895,0.5330599546432495,0.7165489196777344,1.218517541885376,0.21512894332408905,10.545330047607422,23.476186752319336,0.003954925537109375,mix_u1_4,euc,18.0,18.0,18.0,30.0,mixture,1.3648753811264513,0.31066578501786724,0.002660574740730226,4,18.0,1200,4.0,mix_u1,100,1.8132510156839325,0.0001,2,21145,21157,21229,0.05,1,0.24,0.24,0.24,0.28
1.3950477042882266,0.33292861131102247,0.0025770170614123344,1.4353113474771706,0.3613817925607199,0.0025199546944350004,0.0422409363090992,0.50980544090271,0.9171430257113314,6.4113383293151855,0.50980544090271,0.6792737245559692,1.22227144241333,0.20423245429992676,11.18529224395752,24.37736701965332,0.004070437749226888,mix_u1_4,euc,18.0,18.0,18.0,30.0,mixture,1.4151795258826985,0.3471552019358712,0.0025484858779236674,4,18.0,1200,4.0,mix_u1,100,1.8656957113156252,0.0001,3,31145,31157,31229,0.05,1,0.24,0.24,0.24,0.28
1.3416171449708205,0.29387571094044984,0.00243903836235404,1.377578830829823,0.32032748787017,0.002486351178959012,0.042864952236413956,0.4945812523365021,0.9133308186796179,5.635594367980957,0.4945812523365021,0.6501263976097107,1.209320068359375,0.16511712968349457,9.65924072265625,15.561788558959961,0.0034392690658569336,mix_u1_4,euc,18.0,18.0,18.0,30.0,mixture,1.3595979879003217,0.3071015994053099,0.002462694770656526,4,18.0,1200,4.0,mix_u1,100,1.773505972743045,0.0001,4,41145,41157,41229,0.05,1,0.24,0.24,0.24,0.28
1.2844471951406935,0.25032842745124156,0.0023509368766099215,1.312126303282724,0.27164895363443375,0.0023827776312828064,0.037480976432561874,0.4740917682647705,0.9209415160913962,6.214345455169678,0.4740917980670929,0.6429318785667419,1.2072352170944214,0.2569412887096405,9.783514022827148,30.84673500061035,0.0037588377793629966,mix_u2_12,geo,12.0,16.0,18.0,18.0,mixture,1.2982867492117087,0.2609886905428377,0.002366857253946364,1-2,18.0,1200,4.0,mix_u2,100,2.5114021142907728,0.0001,0,1238,1250,1322,0.05,2,0.22,0.24,0.27,0.27
1.2984537277944497,0.2611741163640025,0.0022286176681518555,1.2650173611936504,0.23508584634906193,0.002338163089007139,0.03529457375407219,0.4567415416240692,0.9227252821616079,6.1178436279296875,0.45674148201942444,0.6102151870727539,1.2017613649368286,0.2312675267457962,9.240797996520996,25.91901969909668,0.00352283517519633,mix_u2_12,geo,12.0,16.0,18.0,18.0,mixture,1.2817355444940501,0.24812998135653222,0.0022833903785794973,1-2,18.0,1200,4.0,mix_u2,100,2.4519154015956426,0.0001,1,11238,11250,11322,0.05,2,0.22,0.24,0.27,0.27
1.2816179370362755,0.24812329304883882,0.0022718391846865416,1.3068296645637596,0.267604100643056,0.0023751803673803806,0.036019109189510345,0.4650731682777405,0.9225517367022132,5.700389862060547,0.4650731682777405,0.6335700154304504,1.2015408277511597,0.1906222254037857,9.295083999633789,23.45278549194336,0.0034580989678700763,mix_u2_12,geo,12.0,16.0,18.0,18.0,mixture,1.2942238008000175,0.2578636968459474,0.002323509776033461,1-2,18.0,1200,4.0,mix_u2,100,2.3871799011588326,0.0001,2,21238,21250,21322,0.05,2,0.22,0.24,0.27,0.27
1.3477149218440514,0.29841050781304335,0.0023708627559244633,1.2550262745199314,0.22715650823705022,0.0024497497361153364,0.03750484436750412,0.4824475347995758,0.9222612995979245,7.480133056640625,0.4824475347995758,0.6611746549606323,1.2356956005096436,1.1873303651809692,9.82514476776123,35.576171875,0.0039373207092285156,mix_u2_12,geo,12.0,16.0,18.0,18.0,mixture,1.3013705981819914,0.2627835080250468,0.0024103062460199,1-2,18.0,1200,4.0,mix_u2,100,2.3709702022445307,0.0001,3,31238,31250,31322,0.05,2,0.22,0.24,0.27,0.27
1.297107781017995,0.26013700212685,0.002308756811544299,1.2792188406680596,0.24624961090636435,0.002470446052029729,0.036415617913007736,0.47838661074638367,0.923878266876676,7.894635200500488,0.47838664054870605,0.6520907878875732,2.1784462928771973,33.91118621826172,9.67825984954834,39.21441650390625,0.004029531876246134,mix_u2_12,geo,12.0,16.0,18.0,18.0,mixture,1.2881633108430273,0.25319330651660715,0.002389601431787014,1-2,18.0,1200,4.0,mix_u2,100,2.6254139393938405,0.0001,4,41238,41250,41322,0.05,2,0.22,0.24,0.27,0.27
1.2808877661989702,0.24755340486779398,0.0022978794295340776,1.3066766124190996,0.2674869766505231,0.0023246705532073975,0.037270039319992065,0.46295905113220215,0.9194960348461807,5.956777095794678,0.4629589915275574,0.6245307326316833,1.203328251838684,0.22341349720954895,9.499751091003418,28.849245071411133,0.003607316017150879,mix_u2_12,euc,12.0,16.0,18.0,18.0,mixture,1.2937821893090349,0.25752019075915855,0.0023112749913707376,1-2,18.0,1200,4.0,mix_u2,100,1.9015337169841724,0.0001,0,1238,1250,1322,0.05,2,0.22,0.24,0.27,0.27
1.2938630795049815,0.25763237866029076,0.0021741394884884357,1.2609290187248756,0.23184876572746485,0.002281379420310259,0.03510657697916031,0.4456125795841217,0.9212172667748196,5.881389141082764,0.4456125497817993,0.5925351977348328,1.1986933946609497,0.22135791182518005,9.000833511352539,24.83527374267578,0.003418040672938029,mix_u2_12,euc,12.0,16.0,18.0,18.0,mixture,1.2773960491149285,0.2447405721938778,0.0022277594543993473,1-2,18.0,1200,4.0,mix_u2,100,1.8822600330075752,0.0001,1,11238,11250,11322,0.05,2,0.22,0.24,0.27,0.27
1.278127479939668,0.24539610054224192,0.0022102470975369215,1.3034360801656104,0.2650039161085947,0.0023110166657716036,0.03581788390874863,0.45247188210487366,0.920839536498653,5.484712600708008,0.45247191190719604,0.613563060760498,1.1983197927474976,0.1832851618528366,9.037301063537598,22.133974075317383,0.0033445080121358235,mix_u2_12,euc,12.0,16.0,18.0,18.0,mixture,1.2907817800526393,0.25520000832541834,0.0022606318816542625,1-2,18.0,1200,4.0,mix_u2,100,1.8593944453431952,0.0001,2,21238,21250,21322,0.05,2,0.22,0.24,0.27,0.27
1.3429534528523928,0.2948712578581023,0.002309718169271946,1.2515918780112096,0.22441624350678677,0.0023908568546175957,0.037298183888196945,0.470431387424469,0.9207149333882714,7.10418176651001,0.4704314172267914,0.6412392854690552,1.2222522497177124,0.8221096396446228,9.591411590576172,34.96067810058594,0.0038373525937398273,mix_u2_12,euc,12.0,16.0,18.0,18.0,mixture,1.2972726654318012,0.25964375068244455,0.002350287511944771,1-2,18.0,1200,4.0,mix_u2,100,1.8533630082881591,0.0001,3,31238,31250,31322,0.05,2,0.22,0.24,0.27,0.27
1.2930119878244937,0.2569743710727231,0.0022599417716264725,1.2721230110061232,0.2406871670079527,0.002422823803499341,0.0362984761595726,0.46874043345451355,0.9225616704493341,7.48639440536499,0.46874040365219116,0.6343626379966736,2.082308292388916,30.663272857666016,9.505865097045898,38.894935607910156,0.00395099401473999,mix_u2_12,euc,12.0,16.0,18.0,18.0,mixture,1.2825674994153085,0.2488307690403379,0.0023413827875629067,1-2,18.0,1200,4.0,mix_u2,100,1.9337588060737811,0.0001,4,41238,41250,41322,0.05,2,0.22,0.24,0.27,0.27
1.2748838546621843,0.24285508007844372,0.0024623810313642025,1.3224177384591265,0.2794616812725276,0.0025590555742383003,0.037572357803583145,0.5027082562446594,0.9252601139192405,6.687868118286133,0.5027081966400146,0.6813182830810547,1.20921790599823,0.20638108253479004,10.341838836669922,26.287832260131836,0.0037370483080546063,mix_u2_13,geo,12.0,18.0,22.0,18.0,mixture,1.2986507965606555,0.26115838067548564,0.0025107183028012514,1-3,18.0,1200,4.0,mix_u2,100,2.4208462596099083,0.0001,0,1245,1257,1329,0.05,2,0.22,0.26,0.26,0.26
1.2793207593441658,0.24632928032102544,0.002435204340144992,1.2900154485855617,0.2546541939495955,0.002250483026728034,0.03920701891183853,0.47152844071388245,0.916851210814601,6.84300422668457,0.47152844071388245,0.6377388834953308,1.2089574337005615,0.3731960654258728,9.717540740966797,34.796607971191406,0.0038296894232432046,mix_u2_13,geo,12.0,18.0,22.0,18.0,mixture,1.2846681039648638,0.2504917371353105,0.002342843683436513,1-3,18.0,1200,4.0,mix_u2,100,2.478225662096445,0.0001,1,11245,11257,11329,0.05,2,0.22,0.26,0.26,0.26
1.2777148439105275,0.24507320422827517,0.002303390996530652,1.3694867341905292,0.31443602306621554,0.0023376881144940853,0.04524805769324303,0.47043269872665405,0.9038160871561045,5.000278472900391,0.47043266892433167,0.6085973978042603,1.200660228729248,0.17188318073749542,9.164640426635742,17.216747283935547,0.0032070444027582803,mix_u2_13,geo,12.0,18.0,22.0,18.0,mixture,1.3236007890505284,0.27975461364724535,0.0023205395555123687,1-3,18.0,1200,4.0,mix_u2,100,2.2180239273099334,0.0001,2,21245,21257,21329,0.05,2,0.22,0.26,0.26,0.26
1.2665453424730504,0.23629299121869884,0.002420170232653618,1.3558546251936605,0.30443197521170806,0.002236840780824423,0.03917282819747925,0.4663502275943756,0.9160012671173151,6.5892415046691895,0.466350257396698,0.6162038445472717,1.2066491842269897,0.2733146846294403,9.947465896606445,30.412628173828125,0.0037607558568318687,mix_u2_13,geo,12.0,18.0,22.0,18.0,mixture,1.3111999838333555,0.27036248321520345,0.0023285055067390203,1-3,18.0,1200,4.0,mix_u2,100,2.390162268809136,0.0001,3,31245,31257,31329,0.05,2,0.22,0.26,0.26,0.26
1.3040079701032774,0.26544257552817346,0.002450918545946479,1.3297221677832953,0.28497002400823224,0.0022421618923544884,0.03805052116513252,0.47006890177726746,0.9190533110757411,7.0392608642578125,0.47006893157958984,0.6393348574638367,1.2057727575302124,0.2573666572570801,9.941466331481934,30.73564910888672,0.003737486998240153,mix_u2_13,geo,12.0,18.0,22.0,18.0,mixture,1.3168650689432864,0.2752062997682029,0.0023465402191504836,1-3,18.0,1200,4.0,mix_u2,100,2.460951521607201,0.0001,4,41245,41257,41329,0.05,2,0.22,0.26,0.26,0.26
1.2710136507906837,0.23981473234687498,0.0024094327818602324,1.3183298553622864,0.2763656743904698,0.0025016097351908684,0.03734905272722244,0.491634339094162,0.9240308299130646,6.413837909698486,0.4916342794895172,0.6630090475082397,1.2061841487884521,0.19281382858753204,10.06756591796875,24.65876579284668,0.0036083511511484784,mix_u2_13,euc,12.0,18.0,22.0,18.0,mixture,1.294671753076485,0.2580902033686724,0.0024555212585255504,1-3,18.0,1200,4.0,mix_u2,100,1.8715305816459613,0.0001,0,1245,1257,1329,0.05,2,0.22,0.26,0.26,0.26
1.2736214552327025,0.24186438209729186,0.002381993690505624,1.2860332449075977,0.2515624768868829,0.002195184351876378,0.03897083178162575,0.46064215898513794,0.9153989034189051,6.576359748840332,0.4606421887874603,0.6194085478782654,1.2055171728134155,0.3472695052623749,9.493331909179688,33.658084869384766,0.0037219635645548504,mix_u2_13,euc,12.0,18.0,22.0,18.0,mixture,1.2798273500701502,0.24671342949208735,0.002288589021191001,1-3,18.0,1200,4.0,mix_u2,100,1.8909909562182243,0.0001,1,11245,11257,11329,0.05,2,0.22,0.26,0.26,0.26
1.2749658423794874,0.24291938796092516,0.002244689967483282,1.366405035591697,0.31218322934375076,0.0022695912048220634,0.04463900998234749,0.4574853777885437,0.9024252748839106,4.823833465576172,0.4574853777885437,0.5898559093475342,1.1974601745605469,0.1652221530675888,8.960325241088867,17.407424926757812,0.003120659391085307,mix_u2_13,euc,12.0,18.0,22.0,18.0,mixture,1.3206854389855922,0.27755130865233796,0.0022571405861526728,1-3,18.0,1200,4.0,mix_u2,100,1.7905178136272302,0.0001,2,21245,21257,21329,0.05,2,0.22,0.26,0.26,0.26
1.2623621028750704,0.23298465075635577,0.002367846667766571,1.3530048347472523,0.30232792253574203,0.0021839006803929806,0.03896629065275192,0.45580634474754333,0.9145113026578555,6.340566158294678,0.45580634474754333,0.5997568964958191,1.203293800354004,0.25413596630096436,9.705940246582031,29.24907684326172,0.003648864428202311,mix_u2_13,euc,12.0,18.0,22.0,18.0,mixture,1.3076834688111614,0.2676562866460489,0.002275873674079776,1-3,18.0,1200,4.0,mix_u2,100,1.8604908572622667,0.0001,3,31245,31257,31329,0.05,2,0.22,0.26,0.26,0.26
1.3003978001890968,0.26267021780445426,0.0023965775035321712,1.3246356021824575,0.28113740439322776,0.002187673468142748,0.03787282109260559,0.4591805338859558,0.9175208479068238,6.726789474487305,0.4591805636882782,0.6208934783935547,1.2021487951278687,0.22726143896579742,9.681620597839355,28.982481002807617,0.0036011171340942384,mix_u2_13,euc,12.0,18.0,22.0,18.0,mixture,1.312516701185777,0.271903811098841,0.0022921254858374596,1-3,18.0,1200,4.0,mix_u2,100,1.8852954249388634,0.0001,4,41245,41257,41329,0.05,2,0.22,0.26,0.26,0.26
1.4888621381335683,0.39801216253402383,0.0024126821663230658,1.4673237491663909,0.3834401627244998,0.002417630748823285,0.04422881454229355,0.4830571413040161,0.9084397874278444,6.7584028244018555,0.4830571115016937,0.6334080696105957,1.2208713293075562,0.23291197419166565,11.721495628356934,29.948495864868164,0.0041610288619995115,mix_u2_14,geo,12.0,18.0,18.0,30.0,mixture,1.4780929436499797,0.39072616262926185,0.0024151564575731754,1-4,18.0,1200,4.0,mix_u2,100,2.3001182370248676,0.0001,0,1252,1264,1336,0.05,2,0.22,0.25,0.25,0.28
1.5011636683796985,0.4062405862670365,0.0023092441260814667,1.4081662067406904,0.34228829532928917,0.002256592735648155,0.04591299965977669,0.45918673276901245,0.9000123557949733,6.459866046905518,0.45918676257133484,0.6184086799621582,1.2105273008346558,0.23429830372333527,10.815972328186035,25.614730834960938,0.0038827101389567057,mix_u2_14,geo,12.0,18.0,18.0,30.0,mixture,1.4546649375601945,0.37426444079816285,0.002282918430864811,1-4,18.0,1200,4.0,mix_u2,100,2.468706516062905,0.0001,1,11252,11264,11336,0.05,2,0.22,0.25,0.25,0.28
1.456111147033501,0.37576928410923854,0.002401449019089341,1.4455094804786173,0.36846184106819524,0.002300586784258485,0.04290161281824112,0.470220148563385,0.9087627083839049,5.712366104125977,0.4702201783657074,0.6294832229614258,1.212697982788086,0.1892852783203125,11.000309944152832,21.479555130004883,0.0038113105297088623,mix_u2_14,geo,12.0,18.0,18.0,30.0,mixture,1.450810313756059,0.3721155625887169,0.002351017901673913,1-4,18.0,1200,4.0,mix_u2,100,2.3661712867804523,0.0001,2,21252,21264,21336,0.05,2,0.22,0.25,0.25,0.28
1.460498075836663,0.3787775253758848,0.0024514903780072927,1.4783390608967732,0.39091920142421865,0.002489654812961817,0.04654745012521744,0.4963783621788025,0.9062258678623658,6.462681770324707,0.4963783919811249,0.6603968739509583,1.2260267734527588,0.2738214433193207,11.669034957885742,32.26139831542969,0.0043296337127685545,mix_u2_14,geo,12.0,18.0,18.0,30.0,mixture,1.4694185683667182,0.38484836340005174,0.0024705725954845548,1-4,18.0,1200,4.0,mix_u2,100,2.346048100902342,0.0001,3,31252,31264,31336,0.05,2,0.22,0.25,0.25,0.28
1.4286687934848332,0.35674309705563917,0.002462827367708087,1.4698803643100378,0.385181012655617,0.002340614330023527,0.043204665184020996,0.48067334294319153,0.9101163694256972,7.338893413543701,0.48067331314086914,0.6532810926437378,1.217498540878296,0.24662365019321442,11.300468444824219,29.307348251342773,0.004116189082463582,mix_u2_14,geo,12.0,18.0,18.0,30.0,mixture,1.4492745788974355,0.37096205485562805,0.002401720848865807,1-4,18.0,1200,4.0,mix_u2,100,2.315566080861199,0.0001,4,41252,41264,41336,0.05,2,0.22,0.25,0.25,0.28
1.4839726482508995,0.3947227134775573,0.0023531573824584484,1.4652215256921413,0.3820064431141839,0.0023611136712133884,0.04391466826200485,0.47144877910614014,0.9068516661655877,6.455456733703613,0.47144877910614014,0.614227831363678,1.2174152135849,0.22118344902992249,11.435185432434082,29.16117286682129,0.0040346264839172365,mix_u2_14,euc,12.0,18.0,18.0,30.0,mixture,1.4745970869715204,0.38836457829587057,0.0023571355268359184,1-4,18.0,1200,4.0,mix_u2,100,1.825576175669516,0.0001,0,1252,1264,1336,0.05,2,0.22,0.25,0.25,0.28
1.4976752708375323,0.40391408645406635,0.0022595678456127644,1.404077708765741,0.3393806521957156,0.00220426544547081,0.04563798010349274,0.4489487409591675,0.898344786520643,6.205794811248779,0.4489487409591675,0.6010411977767944,1.2076442241668701,0.22734954953193665,10.563529968261719,24.92844009399414,0.0037784775098164878,mix_u2_14,euc,12.0,18.0,18.0,30.0,mixture,1.4508764898016366,0.37164736932489095,0.002231916645541787,1-4,18.0,1200,4.0,mix_u2,100,1.8878697798701938,0.0001,1,11252,11264,11336,0.05,2,0.22,0.25,0.25,0.28
1.4529818479397518,0.3736178916950734,0.0023423461243510246,1.4430301736112818,0.3667451899066445,0.0022428398951888084,0.042660947889089584,0.4585350751876831,0.9069625199956012,5.5236592292785645,0.4585351049900055,0.610451877117157,1.2095133066177368,0.1831236332654953,10.70887279510498,20.536840438842773,0.0036936378479003906,mix_u2_14,euc,12.0,18.0,18.0,30.0,mixture,1.4480060107755168,0.37018154080085897,0.0022925930097699165,1-4,18.0,1200,4.0,mix_u2,100,1.8515540140702458,0.0001,2,21252,21264,21336,0.05,2,0.22,0.25,0.25,0.28
1.4550770769398242,0.375058873062195,0.002389263827353716,1.4752728721372144,0.3888429707408808,0.002434411318972707,0.046180155128240585,0.4845847189426422,0.9047015860735248,6.1705708503723145,0.4845847189426422,0.6404163837432861,1.2218647003173828,0.24325373768806458,11.319658279418945,29.825559616088867,0.004152372678120931,mix_u2_14,euc,12.0,18.0,18.0,30.0,mixture,1.4651749745385194,0.3819509219015379,0.0024118375731632113,1-4,18.0,1200,4.0,mix_u2,100,1.843852448480258,0.0001,3,31252,31264,31336,0.05,2,0.22,0.25,0.25,0.28
1.4219213958448749,0.35200905266957705,0.0023998033720999956,1.4658220516879112,0.38241621252792257,0.002283088630065322,0.04285745322704315,0.46860313415527344,0.9085421114301763,6.99747896194458,0.46860307455062866,0.6323909163475037,1.2137441635131836,0.22897090017795563,10.957718849182129,27.4775447845459,0.003962641954421997,mix_u2_14,euc,12.0,18.0,18.0,30.0,mixture,1.4438717237663932,0.3672126325987498,0.0023414460010826588,1-4,18.0,1200,4.0,mix_u2,100,1.8318310738078731,0.0001,4,41252,41264,41336,0.05,2,0.22,0.25,0.25,0.28
1.2893153838209428,0.25411136728074524,0.0025569936260581017,1.2662855048702408,0.23608781557185798,0.0026844313833862543,0.0365302711725235,0.524585485458374,0.930363549535489,6.667928218841553,0.5245855450630188,0.7158427834510803,1.2169761657714844,0.25123101472854614,10.315768241882324,28.95166015625,0.003987781604131063,mix_u2_23,geo,18.0,16.0,22.0,18.0,mixture,1.277800444345592,0.2450995914263016,0.002620712504722178,2-3,18.0,1200,4.0,mix_u2,100,2.3745089917520246,0.0001,0,1252,1264,1336,0.05,2,0.25,0.24,0.26,0.25
1.245151529125655,0.21925723265168104,0.0025786589831113815,1.276885900716863,0.24442422358071048,0.00252788164652884,0.04252101480960846,0.5171781778335571,0.9177826586037956,7.034954071044922,0.5171782374382019,0.6930310726165771,1.207730770111084,0.18249765038490295,9.539701461791992,20.008882522583008,0.0035187745094299315,mix_u2_23,geo,18.0,16.0,22.0,18.0,mixture,1.261018714921259,0.23184072811619577,0.002553270314820111,2-3,18.0,1200,4.0,mix_u2,100,2.2363555054987874,0.0001,1,11252,11264,11336,0.05,2,0.25,0.24,0.26,0.25
1.2546390846950837,0.22684794930787017,0.002665378386154771,1.295739822534932,0.25908182355938425,0.0024461003486067057,0.03978721424937248,0.5136332511901855,0.9225376975552537,6.682646751403809,0.5136332511901855,0.6842018961906433,1.2118662595748901,0.23572026193141937,9.874419212341309,27.772998809814453,0.003771180709203084,mix_u2_23,geo,18.0,16.0,22.0,18.0,mixture,1.275189453615008,0.2429648864336272,0.0025557393673807383,2-3,18.0,1200,4.0,mix_u2,100,2.307756278886839,0.0001,2,21252,21264,21336,0.05,2,0.25,0.24,0.26,0.25
1.2766387934924612,0.24423068151257743,0.002586117247119546,1.25581213706376,0.22778248445747482,0.0027122024912387133,0.036200400441884995,0.5299619436264038,0.9316924528690226,6.941256046295166,0.529961884021759,0.70533686876297,1.2133792638778687,0.19012656807899475,9.817720413208008,21.376556396484375,0.0036379369099934895,mix_u2_23,geo,18.0,16.0,22.0,18.0,mixture,1.2662254652781106,0.23600658298502614,0.0026491598691791296,2-3,18.0,1200,4.0,mix_u2,100,2.4156674016903543,0.0001,3,31252,31264,31336,0.05,2,0.25,0.24,0.26,0.25
1.2538902475821478,0.22625091651615117,0.002765000332146883,1.2636389425574241,0.2339956082089747,0.0027098876889795065,0.03559601679444313,0.5479669570922852,0.9350398480533777,6.18046760559082,0.5479668974876404,0.7512323260307312,1.2147678136825562,0.18526414036750793,9.5628080368042,16.739030838012695,0.0036286290486653647,mix_u2_23,geo,18.0,16.0,22.0,18.0,mixture,1.258764595069786,0.23012326236256292,0.0027374440105631948,2-3,18.0,1200,4.0,mix_u2,100,2.4169446369955385,0.0001,4,41252,41264,41336,0.05,2,0.25,0.24,0.26,0.25
1.2838059413227303,0.24982905780407977,0.0025058204773813486,1.2613048414322847,0.23214677354991708,0.0026275727432221174,0.03630145266652107,0.5137622356414795,0.929341920935089,6.418902397155762,0.5137622356414795,0.6972206830978394,1.213992953300476,0.23876570165157318,10.067865371704102,27.91591453552246,0.0038682186603546144,mix_u2_23,euc,18.0,16.0,22.0,18.0,mixture,1.2725553913775074,0.24098791567699843,0.002566696610301733,2-3,18.0,1200,4.0,mix_u2,100,1.8546901517884593,0.0001,0,1252,1264,1336,0.05,2,0.25,0.24,0.26,0.25
1.239888022741374,0.21502107129844458,0.0025214492343366146,1.2724213850403854,0.2409216876051121,0.0024622350465506315,0.042029451578855515,0.5046824216842651,0.9167209917108038,6.7279767990112305,0.5046824812889099,0.672822117805481,1.2048742771148682,0.17778806388378143,9.314534187316895,19.376623153686523,0.003425723711649577,mix_u2_23,euc,18.0,16.0,22.0,18.0,mixture,1.2561547038908798,0.22797137945177834,0.002491842140443623,2-3,18.0,1200,4.0,mix_u2,100,1.7986100540916905,0.0001,1,11252,11264,11336,0.05,2,0.25,0.24,0.26,0.25
1.2496029729529106,0.22282587922410232,0.00260684872046113,1.2916938348986884,0.2559544073859526,0.00238694716244936,0.03953713923692703,0.5018167495727539,0.9212119976653053,6.410763740539551,0.5018166899681091,0.6650247573852539,1.2086668014526367,0.2236783802509308,9.648061752319336,27.270946502685547,0.0036632164319356283,mix_u2_23,euc,18.0,16.0,22.0,18.0,mixture,1.2706484039257995,0.23939014330502745,0.002496897941455245,2-3,18.0,1200,4.0,mix_u2,100,1.8286824871702583,0.0001,2,21252,21264,21336,0.05,2,0.25,0.24,0.26,0.25
1.271767120049998,0.2404073664347264,0.0025330206844955683,1.2520627613313575,0.2247924002804093,0.002658032812178135,0.0360020212829113,0.5192340612411499,0.9306632134323893,6.667168617248535,0.5192340016365051,0.6878923177719116,1.2107981443405151,0.18489956855773926,9.5711669921875,20.5319766998291,0.0035408238569895425,mix_u2_23,euc,18.0,16.0,22.0,18.0,mixture,1.2619149406906778,0.23259988335756787,0.0025955267483368516,2-3,18.0,1200,4.0,mix_u2,100,1.8696981223352527,0.0001,3,31252,31264,31336,0.05,2,0.25,0.24,0.26,0.25
1.2489787643320818,0.22232622886285924,0.0027124902699142694,1.2594674470818608,0.23068897057088805,0.0026543028652668,0.03541458398103714,0.537143886089325,0.9340687199497457,5.954793930053711,0.5371438264846802,0.7323546409606934,1.2124282121658325,0.18083004653453827,9.360331535339355,16.14687728881836,0.0035469905535380044,mix_u2_23,euc,18.0,16.0,22.0,18.0,mixture,1.2542231057069713,0.22650759971687365,0.0026833965675905347,2-3,18.0,1200,4.0,mix_u2,100,1.8701512175566237,0.0001,4,41252,41264,41336,0.05,2,0.25,0.24,0.26,0.25
1.4105797738132255,0.3440008069774057,0.002370995469391346,1.3998194641215227,0.33634327410699294,0.0025380414444953203,0.04146555811166763,0.4914878010749817,0.9156325792400661,8.774911880493164,0.49148786067962646,0.6874187588691711,1.2270846366882324,0.4211179316043854,12.178316116333008,41.37291717529297,0.004740082025527954,mix_u2_24,geo,18.0,16.0,18.0,30.0,mixture,1.405199618967374,0.3401720405421993,0.002454518456943333,2-4,18.0,1200,4.0,mix_u2,100,2.6579058122188903,0.0001,0,1259,1271,1343,0.05,2,0.24,0.24,0.24,0.28
1.3423211126247594,0.29440028908086713,0.0025535025633871555,1.3199905657224869,0.2776245893928041,0.002536400454118848,0.03905509039759636,0.5095544457435608,0.9233544310645633,7.317760944366455,0.509554386138916,0.6834995150566101,1.3345130681991577,4.388742446899414,10.569364547729492,37.34648895263672,0.00413092573483785,mix_u2_24,geo,18.0,16.0,18.0,30.0,mixture,1.3311558391736231,0.2860124392368356,0.0025449515087530017,2-4,18.0,1200,4.0,mix_u2,100,2.307357579680071,0.0001,1,11259,11271,11343,0.05,2,0.24,0.24,0.24,0.28
1.3837465059712049,0.32479467999412853,0.0026529256720095873,1.4294027368414803,0.3572566904804312,0.0025650605093687773,0.042378608137369156,0.5219616293907166,0.9188089588369982,7.267771244049072,0.5219616889953613,0.6978552937507629,1.226652979850769,0.2945062518119812,11.706009864807129,32.246219635009766,0.004300122261047363,mix_u2_24,geo,18.0,16.0,18.0,30.0,mixture,1.4065746214063426,0.34102568523727983,0.0026089930906891823,2-4,18.0,1200,4.0,mix_u2,100,2.3709944010605914,0.0001,2,21259,21271,21343,0.05,2,0.24,0.24,0.24,0.28
1.4090035202075795,0.3428827312864382,0.002633721334859729,1.3996264074585623,0.3362053491946191,0.002621128922328353,0.042455725371837616,0.5262510776519775,0.9193242025056438,6.071342945098877,0.5262511372566223,0.6980030536651611,1.2252960205078125,0.20901861786842346,11.063965797424316,22.746429443359375,0.004095588127772013,mix_u2_24,geo,18.0,16.0,18.0,30.0,mixture,1.404314963833071,0.33954404024052864,0.002627425128594041,2-4,18.0,1200,4.0,mix_u2,100,2.2772227570422054,0.0001,3,31259,31271,31343,0.05,2,0.24,0.24,0.24,0.28
1.360433107242492,0.30780311025766816,0.0025625694543123245,1.3590645168588993,0.30679660781618723,0.0025346199981868267,0.04195386916399002,0.5111696720123291,0.9179257466531032,7.01019811630249,0.5111696124076843,0.6918882727622986,1.2165411710739136,0.2104264199733734,10.565640449523926,23.567434310913086,0.003930621941884358,mix_u2_24,geo,18.0,16.0,18.0,30.0,mixture,1.3597488120506958,0.3072998590369277,0.0025485947262495756,2-4,18.0,1200,4.0,mix_u2,100,2.3447157481557594,0.0001,4,41259,41271,41343,0.05,2,0.24,0.24,0.24,0.28
1.4046896617966758,0.33981639710434086,0.0023312605917453766,1.393725119863776,0.33198010484814144,0.0024992588441818953,0.04134067893028259,0.48364031314849854,0.9145218506266469,8.348479270935059,0.48364028334617615,0.6703986525535583,1.2242004871368408,0.40037381649017334,11.9837007522583,40.405982971191406,0.004627879858016968,mix_u2_24,euc,18.0,16.0,18.0,30.0,mixture,1.3992073908302258,0.33589825097624115,0.002415259717963636,2-4,18.0,1200,4.0,mix_u2,100,1.941796277522693,0.0001,0,1259,1271,1343,0.05,2,0.24,0.24,0.24,0.28
1.3386486019972548,0.2916605991063034,0.0025012788828462362,1.316199494989809,0.2747484133517736,0.0024817166849970818,0.038867510855197906,0.4988463222980499,0.9220852011574511,7.03073787689209,0.4988463521003723,0.6657141447067261,1.2942547798156738,3.0789132118225098,10.350598335266113,36.84008026123047,0.004041768312454223,mix_u2_24,euc,18.0,16.0,18.0,30.0,mixture,1.327424048493532,0.2832045062290385,0.002491497783921659,2-4,18.0,1200,4.0,mix_u2,100,1.8285209997634564,0.0001,1,11259,11271,11343,0.05,2,0.24,0.24,0.24,0.28
1.379212552969168,0.3215127225166492,0.002598969731479883,1.4249559569260957,0.354140905822686,0.0025156510528177023,0.042124006897211075,0.5116130709648132,0.9176643262499675,6.945196628570557,0.5116130709648132,0.6797943115234375,1.2237225770950317,0.2814723551273346,11.388713836669922,30.62334442138672,0.004181919097900391,mix_u2_24,euc,18.0,16.0,18.0,30.0,mixture,1.4020842549476318,0.3378268141696676,0.0025573103921487927,2-4,18.0,1200,4.0,mix_u2,100,1.8533721032185169,0.0001,2,21259,21271,21343,0.05,2,0.24,0.24,0.24,0.28
1.404262546985712,0.33951228739900646,0.00257608643732965,1.3950336848311542,0.33291856181416757,0.002561551984399557,0.04218966141343117,0.5145207047462463,0.9180020142547257,5.817848205566406,0.5145206451416016,0.6782610416412354,1.2218772172927856,0.19764874875545502,10.749675750732422,21.200973510742188,0.003960303465525309,mix_u2_24,euc,18.0,16.0,18.0,30.0,mixture,1.399648115908433,0.33621542460658704,0.0025688192108646035,2-4,18.0,1200,4.0,mix_u2,100,1.8161054791179783,0.0001,3,31259,31271,31343,0.05,2,0.24,0.24,0.24,0.28
1.3556190223432778,0.3042581930684151,0.0025132938753813505,1.3542144225628738,0.303221524258503,0.00248023122549057,0.04171380773186684,0.5007719993591309,0.9167009980884502,6.729468822479248,0.5007719397544861,0.6739363074302673,1.2136971950531006,0.2028857171535492,10.319965362548828,22.48112678527832,0.0038186017672220867,mix_u2_24,euc,18.0,16.0,18.0,30.0,mixture,1.3549167224530758,0.3037398586634591,0.0024967625504359603,2-4,18.0,1200,4.0,mix_u2,100,1.8433359318769442,0.0001,4,41259,41271,41343,0.05,2,0.24,0.24,0.24,0.28
1.4670322676871665,0.3832414946157163,0.0022575983311980963,1.4154322763136746,0.3474349800689518,0.00224102009087801,0.044492483139038086,0.4523928165435791,0.9016507744774234,5.6046037673950195,0.4523928463459015,0.5921722054481506,1.20841383934021,0.18751515448093414,10.920416831970215,24.165851593017578,0.003767664035161336,mix_u2_34,geo,18.0,18.0,22.0,30.0,mixture,1.4412322720004207,0.36533823734233406,0.002249309211038053,3-4,18.0,1200,4.0,mix_u2,100,2.304608571531357,0.0001,0,1266,1278,1350,0.05,2,0.22999999999999998,0.22999999999999998,0.26,0.28
1.5312160642871817,0.42606223296715007,0.002294710837304592,1.3857190848796732,0.32621919976325464,0.002296420279890299,0.043463870882987976,0.45923060178756714,0.9053550205195304,6.606616497039795,0.45923060178756714,0.5988976955413818,1.2119477987289429,0.18842753767967224,10.614636421203613,21.635053634643555,0.0037412540117899577,mix_u2_34,geo,18.0,18.0,22.0,30.0,mixture,1.4584675745834275,0.37614071636520235,0.0022955655585974455,3-4,18.0,1200,4.0,mix_u2,100,2.409823912827291,0.0001,1,11266,11278,11350,0.05,2,0.22999999999999998,0.22999999999999998,0.26,0.28
1.4821343412696715,0.3934831713955641,0.0024007721804082394,1.4259545963039888,0.35484148158617773,0.0023579727858304977,0.043810971081256866,0.4761755168437958,0.9079940703973056,5.40614652633667,0.4761755168437958,0.6080971360206604,1.2166155576705933,0.1652015596628189,10.736059188842773,18.043540954589844,0.003698511521021525,mix_u2_34,geo,18.0,18.0,22.0,30.0,mixture,1.4540444687868301,0.3741623264908709,0.0023793724831193686,3-4,18.0,1200,4.0,mix_u2,100,2.128037422804233,0.0001,2,21266,21278,21350,0.05,2,0.22999999999999998,0.22999999999999998,0.26,0.28
1.467401903896343,0.3834934247593269,0.0023413910530507565,1.3859417505284828,0.3263798728488242,0.002520608250051737,0.043175458908081055,0.48711147904396057,0.9113643164541713,6.7826666831970215,0.48711150884628296,0.6455771327018738,1.2236826419830322,0.26081985235214233,11.648016929626465,27.003694534301758,0.0043262684345245364,mix_u2_34,geo,18.0,18.0,22.0,30.0,mixture,1.426671827212413,0.35493664880407555,0.0024309996515512466,3-4,18.0,1200,4.0,mix_u2,100,2.3025092521957546,0.0001,3,31266,31278,31350,0.05,2,0.22999999999999998,0.22999999999999998,0.26,0.28
1.4337933092073913,0.36032359595022107,0.0022149677388370037,1.4992455461988665,0.4049620123759709,0.002433245303109288,0.04625452309846878,0.4677417576313019,0.9011109819813672,6.833264350891113,0.4677417576313019,0.6060466766357422,1.2192401885986328,0.21505890786647797,11.567523956298828,27.75188446044922,0.0040999170144399005,mix_u2_34,geo,18.0,18.0,22.0,30.0,mixture,1.4665194277031288,0.382642804163096,0.002324106520973146,3-4,18.0,1200,4.0,mix_u2,100,2.096300821854073,0.0001,4,41266,41278,41350,0.05,2,0.22999999999999998,0.22999999999999998,0.26,0.28
1.4636516792132728,0.3809344631960566,0.0022074717562645674,1.41355408334956,0.34610715942842174,0.0021851644851267338,0.044164158403873444,0.4417109489440918,0.900015703687111,5.421034336090088,0.4417109489440918,0.5756493210792542,1.2051950693130493,0.18045827746391296,10.61095905303955,22.620983123779297,0.00364077091217041,mix_u2_34,euc,18.0,18.0,22.0,30.0,mixture,1.4386028812814162,0.3635208113122392,0.0021963181206956506,3-4,18.0,1200,4.0,mix_u2,100,1.8274055759143868,0.0001,0,1266,1278,1350,0.05,2,0.22999999999999998,0.22999999999999998,0.26,0.28
1.5284263651591168,0.42423868661136,0.0022488138638436794,1.3837220315243894,0.3247769927492805,0.0022505237720906734,0.04326147958636284,0.45005202293395996,0.9038744914324917,6.38657808303833,0.45005205273628235,0.584174394607544,1.209298014640808,0.18257619440555573,10.406030654907227,21.000205993652344,0.0036487758159637453,mix_u2_34,euc,18.0,18.0,22.0,30.0,mixture,1.4560741983417531,0.37450783968032025,0.0022496688179671764,3-4,18.0,1200,4.0,mix_u2,100,1.8676154410548909,0.0001,1,11266,11278,11350,0.05,2,0.22999999999999998,0.22999999999999998,0.26,0.28
1.480582045716358,0.3924352845966956,0.0023420951329171658,1.4225838922156038,0.35247486047488397,0.0022998915519565344,0.043501339852809906,0.4644862115383148,0.9063452503600927,5.224490165710449,0.4644862413406372,0.5908892154693604,1.2132904529571533,0.15907104313373566,10.452463150024414,17.4298038482666,0.003586347500483195,mix_u2_34,euc,18.0,18.0,22.0,30.0,mixture,1.451582968965981,0.3724550725357898,0.00232099334243685,3-4,18.0,1200,4.0,mix_u2,100,1.7486261371734828,0.0001,2,21266,21278,21350,0.05,2,0.22999999999999998,0.22999999999999998,0.26,0.28
1.463313290213303,0.3807032414322078,0.0022833289112895727,1.3820817748474785,0.3235908949751516,0.0024654464796185493,0.042969346046447754,0.47576576471328735,0.9096838208349385,6.467532634735107,0.47576579451560974,0.6268664598464966,1.2202389240264893,0.25021421909332275,11.343459129333496,25.708303451538086,0.004192475080490112,mix_u2_34,euc,18.0,18.0,22.0,30.0,mixture,1.4226975325303908,0.3521470682036797,0.002374387695454061,3-4,18.0,1200,4.0,mix_u2,100,1.8265514414896775,0.0001,3,31266,31278,31350,0.05,2,0.22999999999999998,0.22999999999999998,0.26,0.28
1.433532406958074,0.3601416129626822,0.0021538014989346266,1.4965512140701258,0.40316327029110927,0.002370442496612668,0.04597249627113342,0.45531386137008667,0.8990311954641631,6.554746150970459,0.4553138315677643,0.5870971083641052,1.215329647064209,0.2045125514268875,11.21374797821045,26.195575714111328,0.003953782717386881,mix_u2_34,euc,18.0,18.0,22.0,30.0,mixture,1.4650418105140999,0.3816524416268957,0.0022621219977736473,3-4,18.0,1200,4.0,mix_u2,100,1.7330028808534836,0.0001,4,41266,41278,41350,0.05,2,0.22999999999999998,0.22999999999999998,0.26,0.28
1.3834608156814472,0.32458819724270094,0.002242497866973281,1.2769338585494776,0.24446178130767707,0.002306665526703,0.037572067230939865,0.45502492785453796,0.9174285518639742,9.918254852294922,0.45502495765686035,0.6450155973434448,1.2063488960266113,0.27445533871650696,10.06982707977295,29.90026092529297,0.0038326390584309897,mix_u3_123,geo,12.0,16.0,22.0,18.0,mixture,1.3301973371154623,0.284524989275189,0.0022745816968381405,1-2-3,18.0,1200,4.0,mix_u3,100,2.8105331689414133,0.0001,0,1359,1371,1443,0.05,3,0.22,0.24,0.26,0.28
1.294974315389909,0.2584908612790651,0.002336250152438879,1.2968790221444528,0.25996062584470675,0.0021937345154583454,0.04106118902564049,0.45654046535491943,0.9100601323615003,6.12575101852417,0.45654046535491943,0.5985680818557739,1.2017723321914673,0.21476788818836212,9.36560344696045,23.942729949951172,0.0034829334417978922,mix_u3_123,geo,12.0,16.0,22.0,18.0,mixture,1.2959266687671809,0.25922574356188594,0.002264992333948612,1-2-3,18.0,1200,4.0,mix_u3,100,2.4406029999563796,0.0001,1,11359,11371,11443,0.05,3,0.22,0.24,0.26,0.28
1.312520507248444,0.27194933993182246,0.00239306828007102,1.3759632480137118,0.31915402986209185,0.002367250621318817,0.041289158165454865,0.47721290588378906,0.91347853828683,5.741064548492432,0.4772128462791443,0.6196022033691406,1.2075613737106323,0.17330887913703918,10.417877197265625,23.24665641784668,0.0036046055952707926,mix_u3_123,geo,12.0,16.0,22.0,18.0,mixture,1.3442418776310778,0.29555168489695716,0.0023801594506949186,1-2-3,18.0,1200,4.0,mix_u3,100,2.3974266488250184,0.0001,2,21359,21371,21443,0.05,3,0.22,0.24,0.26,0.28
1.2654847472474566,0.23545524818244667,0.0024272764567285776,1.3277822999897015,0.28351010688548484,0.0024578149896115065,0.040473584085702896,0.4921475648880005,0.9177612834579125,7.477913856506348,0.49214762449264526,0.6733530163764954,1.2115086317062378,0.2497914880514145,10.23331356048584,29.399642944335938,0.003948777119318644,mix_u3_123,geo,12.0,16.0,22.0,18.0,mixture,1.296633523618579,0.25948267753396576,0.002442545723170042,1-2-3,18.0,1200,4.0,mix_u3,100,2.4176651219593666,0.0001,3,31359,31371,31443,0.05,3,0.22,0.24,0.26,0.28
1.354068471563963,0.3031137430519173,0.002321386244148016,1.3894452163246023,0.3289045425247097,0.002294843550771475,0.03913024440407753,0.4617711007595062,0.9152605168670855,6.257419586181641,0.4617711007595062,0.6273924112319946,1.2095630168914795,0.20078729093074799,10.374969482421875,22.869491577148438,0.0037870367368062338,mix_u3_123,geo,12.0,16.0,22.0,18.0,mixture,1.3717568439442827,0.3160091427883135,0.0023081148974597454,1-2-3,18.0,1200,4.0,mix_u3,100,2.4580126320655955,0.0001,4,41359,41371,41443,0.05,3,0.22,0.24,0.26,0.28
1.3721191816998477,0.31635639265913185,0.0022027220111340284,1.2723460925137282,0.24086251321897015,0.0022718117106705904,0.03724890202283859,0.44756048917770386,0.9167734799573675,9.191231727600098,0.44756048917770386,0.6276443600654602,1.2035248279571533,0.250440776348114,9.739604949951172,26.280927658081055,0.003683374722798665,mix_u3_123,euc,12.0,16.0,22.0,18.0,mixture,1.3222326371067878,0.278609452939051,0.0022372668609023094,1-2-3,18.0,1200,4.0,mix_u3,100,1.9726624110611275,0.0001,0,1359,1371,1443,0.05,3,0.22,0.24,0.26,0.28
1.2913834862240645,0.25571411362968033,0.0022782464511692524,1.2930268789207078,0.25698588760204194,0.0021345028653740883,0.04077187925577164,0.44476622343063354,0.9083296412634839,5.8822712898254395,0.44476622343063354,0.5805730223655701,1.1985204219818115,0.20623737573623657,9.139581680297852,23.1922607421875,0.0033796981970469157,mix_u3_123,euc,12.0,16.0,22.0,18.0,mixture,1.2922051825723861,0.2563500006158611,0.0022063746582716703,1-2-3,18.0,1200,4.0,mix_u3,100,1.878405845637738,0.0001,1,11359,11371,11443,0.05,3,0.22,0.24,0.26,0.28
1.3095034760571287,0.26964803945399546,0.0023350019473582506,1.3736293123117849,0.3174563701461421,0.0023105302825570107,0.041063930839300156,0.4657248556613922,0.9118279165474563,5.5088090896606445,0.4657248258590698,0.6022704839706421,1.2045085430145264,0.16714364290237427,10.170108795166016,22.29535484313965,0.00349172035853068,mix_u3_123,euc,12.0,16.0,22.0,18.0,mixture,1.341566394184457,0.2935522048000688,0.0023227661149576306,1-2-3,18.0,1200,4.0,mix_u3,100,1.8631441554151773,0.0001,2,21359,21371,21443,0.05,3,0.22,0.24,0.26,0.28
1.2603815701719168,0.23141450858836202,0.0023741894401609898,1.322170406231488,0.27927463344895165,0.002395195886492729,0.04010339453816414,0.4804646074771881,0.9165320526963723,7.132134437561035,0.4804645776748657,0.6533442735671997,1.2083481550216675,0.2411724328994751,9.972139358520508,28.626176834106445,0.0038324928283691405,mix_u3_123,euc,12.0,16.0,22.0,18.0,mixture,1.2912759882017024,0.2553445710186568,0.0023846926633268595,1-2-3,18.0,1200,4.0,mix_u3,100,1.870406470881233,0.0001,3,31359,31371,31443,0.05,3,0.22,0.24,0.26,0.28
1.3486422862217131,0.29909837247092574,0.002263949252665043,1.3871040345265753,0.3272181453882953,0.002237173728644848,0.03891074284911156,0.45025789737701416,0.913581209622781,6.0010085105896,0.4502579867839813,0.6083738803863525,1.206416368484497,0.19464756548404694,10.108738899230957,22.01262855529785,0.0036758283774058023,mix_u3_123,euc,12.0,16.0,22.0,18.0,mixture,1.367873160374144,0.3131582589296105,0.0022505614906549454,1-2-3,18.0,1200,4.0,mix_u3,100,1.88431242000955,0.0001,4,41359,41371,41443,0.05,3,0.22,0.24,0.26,0.28
1.4305931128442397,0.35808912250765157,0.0022136599291116,1.4242151327515733,0.35362087794938524,0.0022972645238041878,0.04093102365732193,0.45140963792800903,0.9093262079090796,5.848855018615723,0.45140963792800903,0.6092638969421387,1.2069753408432007,0.17927893996238708,10.438370704650879,22.10807991027832,0.003629985253016154,mix_u3_124,geo,12.0,16.0,18.0,30.0,mixture,1.4274041227979066,0.3558550002285184,0.002255462226457894,1-2-4,18.0,1200,4.0,mix_u3,100,2.517904211076693,0.0001,0,1366,1378,1450,0.05,3,0.22,0.24,0.26,0.28
1.3610066101175875,0.30822458046693035,0.002440377837046981,1.5688791720942485,0.4503614612853514,0.002404624130576849,0.04456797614693642,0.48505884408950806,0.9081184134873495,7.201385021209717,0.48505881428718567,0.6684516072273254,1.2205960750579834,0.2799650728702545,11.543573379516602,30.114551544189453,0.004318660895029704,mix_u3_124,geo,12.0,16.0,18.0,30.0,mixture,1.4649428911059181,0.3792930208761409,0.002422500983811915,1-2-4,18.0,1200,4.0,mix_u3,100,2.550428319735156,0.0001,1,11366,11378,11450,0.05,3,0.22,0.24,0.26,0.28
1.5407991622504171,0.4323012183507877,0.0024934608954936266,1.5372322257252715,0.42998354340064626,0.0022020817268639803,0.04697301611304283,0.4699876308441162,0.9000547822318696,5.224155902862549,0.4699876010417938,0.5979000329971313,1.2219598293304443,0.16320107877254486,11.444581985473633,17.42188835144043,0.003848832448323568,mix_u3_124,geo,12.0,16.0,18.0,30.0,mixture,1.5390156939878443,0.431142380875717,0.0023477713111788034,1-2-4,18.0,1200,4.0,mix_u3,100,2.1503183837644744,0.0001,2,21366,21378,21450,0.05,3,0.22,0.24,0.26,0.28
1.442721244532936,0.3665310833986595,0.0023993225768208504,1.556380058358392,0.4423626493748807,0.002276667160913348,0.04504697024822235,0.46789538860321045,0.9037242696862234,8.743963241577148,0.46789535880088806,0.6403553485870361,1.2192703485488892,0.2387944906949997,11.461224555969238,23.86693000793457,0.004165865580240885,mix_u3_124,geo,12.0,16.0,18.0,30.0,mixture,1.499550651445664,0.4044468663867701,0.0023379948688670993,1-2-4,18.0,1200,4.0,mix_u3,100,2.5520012499692455,0.0001,3,31366,31378,31450,0.05,3,0.22,0.24,0.26,0.28
1.5275856519194195,0.4236884837612354,0.0022835275158286095,1.441953816619331,0.36599901104011556,0.0024506256449967623,0.044939082115888596,0.4740731120109558,0.9052064312922896,6.11403226852417,0.4740730822086334,0.637365460395813,1.2209405899047852,0.3019527792930603,11.58951187133789,30.96687126159668,0.0042256681124369306,mix_u3_124,geo,12.0,16.0,18.0,30.0,mixture,1.4847697342693753,0.3948437474006755,0.002367076580412686,1-2-4,18.0,1200,4.0,mix_u3,100,2.419293570160894,0.0001,4,41366,41378,41450,0.05,3,0.22,0.24,0.26,0.28
1.427918963587126,0.3562181141188661,0.0021636132150888443,1.419404002701583,0.3502370671002484,0.0022443162743002176,0.0407174751162529,0.44109639525413513,0.907690301815335,5.619777202606201,0.44109636545181274,0.592118501663208,1.204091191291809,0.17424453794956207,10.182483673095703,21.275522232055664,0.003526997168858846,mix_u3_124,euc,12.0,16.0,18.0,30.0,mixture,1.4236614831443544,0.3532275906095572,0.002203964744694531,1-2-4,18.0,1200,4.0,mix_u3,100,1.903538710134205,0.0001,0,1366,1378,1450,0.05,3,0.22,0.24,0.26,0.28
1.3545233821024016,0.3034496449280898,0.002387045184150338,1.563315023317845,0.446808581558065,0.00235291407443583,0.04436051473021507,0.47454506158828735,0.9065199107082859,6.855255126953125,0.47454506158828735,0.6483972072601318,1.2173612117767334,0.26757046580314636,11.233139038085938,28.645401000976562,0.0041788601875305175,mix_u3_124,euc,12.0,16.0,18.0,30.0,mixture,1.4589192027101232,0.3751291132430774,0.002369979629293084,1-2-4,18.0,1200,4.0,mix_u3,100,1.9132654421319366,0.0001,1,11366,11378,11450,0.05,3,0.22,0.24,0.26,0.28
1.5389017444990571,0.4310690090883372,0.0024256177712231874,1.5346127975800594,0.4282781000854849,0.0021384702995419502,0.04666382446885109,0.45683974027633667,0.897855154981428,5.0448899269104,0.4568397104740143,0.5779821276664734,1.2181124687194824,0.15845336019992828,11.111074447631836,16.58306312561035,0.003725060224533081,mix_u3_124,euc,12.0,16.0,18.0,30.0,mixture,1.5367572710395583,0.42967355458691103,0.002282044035382569,1-2-4,18.0,1200,4.0,mix_u3,100,1.7593317439976646,0.0001,2,21366,21378,21450,0.05,3,0.22,0.24,0.26,0.28
1.437408712958453,0.36284198764399994,0.002344806445762515,1.5529888534496001,0.4401813667097555,0.002229615580290556,0.044766198843717575,0.45773616433143616,0.902200869557461,8.253328323364258,0.45773616433143616,0.6216391324996948,1.2159218788146973,0.22223593294620514,11.203290939331055,22.701129913330078,0.004029846986134847,mix_u3_124,euc,12.0,16.0,18.0,30.0,mixture,1.4951987832040265,0.40151167717687775,0.0022872110130265355,1-2-4,18.0,1200,4.0,mix_u3,100,1.9137230399555107,0.0001,3,31366,31378,31450,0.05,3,0.22,0.24,0.26,0.28
1.5254940061053561,0.4223182960323918,0.0022268593311309814,1.4368649284770378,0.36246360718636794,0.0023925513960421085,0.044671859592199326,0.4625805616378784,0.9034290169175553,5.83563756942749,0.4625805914402008,0.6178154945373535,1.216436743736267,0.2596101760864258,11.254203796386719,29.058853149414062,0.004057849248250325,mix_u3_124,euc,12.0,16.0,18.0,30.0,mixture,1.4811794672911969,0.39239095160937987,0.002309705363586545,1-2-4,18.0,1200,4.0,mix_u3,100,1.8709825029439036,0.0001,4,41366,41378,41450,0.05,3,0.22,0.24,0.26,0.28
1.5231319128436998,0.42076868397953304,0.0022620337549597025,1.469965638221574,0.3852390251579635,0.0023237862624228,0.04826515167951584,0.4620553255081177,0.8955424837351693,6.36957311630249,0.46205538511276245,0.6023287773132324,1.2142703533172607,0.1798553615808487,10.809111595153809,22.019628524780273,0.0037801289558410645,mix_u3_134,geo,12.0,18.0,22.0,30.0,mixture,1.496548775532637,0.40300385456874827,0.0022929100086912513,1-3-4,18.0,1200,4.0,mix_u3,100,2.289802511243472,0.0001,0,1373,1385,1457,0.05,3,0.22,0.24,0.26,0.28
1.4537107683646502,0.3741194379790455,0.0022193160839378834,1.3722465806746744,0.3164492366791709,0.002306346781551838,0.04105628281831741,0.45261287689208984,0.9092905109102631,5.934116363525391,0.45261287689208984,0.5950032472610474,1.2102940082550049,0.2275589257478714,11.0031099319458,26.701570510864258,0.0039041586716969806,mix_u3_134,geo,12.0,18.0,22.0,30.0,mixture,1.4129786745196622,0.34528433732910824,0.0022628314327448606,1-3-4,18.0,1200,4.0,mix_u3,100,2.4060210126129737,0.0001,1,11373,11385,11457,0.05,3,0.22,0.24,0.26,0.28
1.56566909371772,0.4483132685465411,0.002189057180657983,1.4666672213936733,0.3829926304789934,0.002179678762331605,0.04592915251851082,0.4391840696334839,0.8954216336743714,6.647724151611328,0.4391840696334839,0.5823306441307068,1.2150098085403442,0.25599974393844604,11.599486351013184,32.934783935546875,0.00421478788057963,mix_u3_134,geo,12.0,18.0,22.0,30.0,mixture,1.5161681575556967,0.4156529495127672,0.002184367971494794,1-3-4,18.0,1200,4.0,mix_u3,100,2.4606888004775422,0.0001,2,21373,21385,21457,0.05,3,0.22,0.24,0.26,0.28
1.4376628439240127,0.36301877000311245,0.0022324658930301666,1.5636626873953243,0.4470309458414565,0.002161993645131588,0.04766981676220894,0.4430243670940399,0.8923991087106724,6.957910537719727,0.44302424788475037,0.5746386647224426,1.2140896320343018,0.24609699845314026,11.63305950164795,29.633180618286133,0.004128869374593099,mix_u3_134,geo,12.0,18.0,22.0,30.0,mixture,1.5006627656596685,0.4050248579222845,0.0021972297690808773,1-3-4,18.0,1200,4.0,mix_u3,100,2.3552426129658004,0.0001,3,31373,31385,31457,0.05,3,0.22,0.24,0.26,0.28
1.5121738828140205,0.4135482730062588,0.002310957759618759,1.528676038984026,0.42440202678938344,0.0022356475237756968,0.045229703187942505,0.4557788670063019,0.9007639307960342,5.8791608810424805,0.45577889680862427,0.5908340811729431,1.2173794507980347,0.17061591148376465,11.24887752532959,21.38410186767578,0.0038662699858347574,mix_u3_134,geo,12.0,18.0,22.0,30.0,mixture,1.5204249608990232,0.41897514989782114,0.002273302641697228,1-3-4,18.0,1200,4.0,mix_u3,100,2.306684157972432,0.0001,4,41373,41385,41457,0.05,3,0.22,0.24,0.26,0.28
1.5223565612592707,0.42025950352603664,0.002203427953645587,1.4696293201563733,0.38501020583324014,0.0022716501262038946,0.0478820726275444,0.4508684277534485,0.8938003424499529,6.151401996612549,0.4508683979511261,0.5849020481109619,1.2112280130386353,0.17457781732082367,10.514090538024902,21.189023971557617,0.003676542043685913,mix_u3_134,euc,12.0,18.0,22.0,30.0,mixture,1.495992940707822,0.4026348546796384,0.002237539039924741,1-3-4,18.0,1200,4.0,mix_u3,100,1.821338623233036,0.0001,0,1373,1385,1457,0.05,3,0.22,0.24,0.26,0.28
1.4513210991068315,0.37247424446252764,0.0021635224111378193,1.3691203102840381,0.31416842431785413,0.002249690005555749,0.04086446762084961,0.44136926531791687,0.907414333457462,5.661991596221924,0.4413692355155945,0.5772154331207275,1.2068452835083008,0.2165130227804184,10.711886405944824,25.583431243896484,0.0037685712178548176,mix_u3_134,euc,12.0,18.0,22.0,30.0,mixture,1.4102207046954347,0.34332133439019086,0.002206606208346784,1-3-4,18.0,1200,4.0,mix_u3,100,1.8662514820458878,0.0001,1,11373,11385,11457,0.05,3,0.22,0.24,0.26,0.28
1.5633097043199669,0.44680517916836904,0.002138203475624323,1.4648661742123614,0.3817638896359835,0.0021339186932891607,0.04567365720868111,0.42947646975517273,0.8936527134193921,6.360054016113281,0.42947646975517273,0.5657690763473511,1.2114921808242798,0.23231349885463715,11.304755210876465,31.052120208740234,0.004071037371953329,mix_u3_134,euc,12.0,18.0,22.0,30.0,mixture,1.5140879392661641,0.4142845344021763,0.002136061084456742,1-3-4,18.0,1200,4.0,mix_u3,100,1.8852077151738065,0.0001,2,21373,21385,21457,0.05,3,0.22,0.24,0.26,0.28
1.435246423709976,0.36133655830843814,0.002178687835112214,1.561026180046862,0.44534341272312683,0.002103624865412712,0.04724480211734772,0.43168556690216064,0.8905573738395207,6.682376861572266,0.43168559670448303,0.5568577647209167,1.2106504440307617,0.24094821512699127,11.351173400878906,28.989957809448242,0.004005143245061239,mix_u3_134,euc,12.0,18.0,22.0,30.0,mixture,1.498136301878419,0.4033399855157825,0.002141156350262463,1-3-4,18.0,1200,4.0,mix_u3,100,1.847394588116062,0.0001,3,31373,31385,31457,0.05,3,0.22,0.24,0.26,0.28
1.5099389167946407,0.41206919755473,0.002255849540233612,1.527368890127728,0.4235465754028151,0.002182534197345376,0.0449957549571991,0.44495153427124023,0.8988749302080844,5.701728820800781,0.4449515640735626,0.5740134119987488,1.2140880823135376,0.1648680567741394,10.944693565368652,20.19373893737793,0.0037433584531148274,mix_u3_134,euc,12.0,18.0,22.0,30.0,mixture,1.5186539034611843,0.41780788647877254,0.002219191868789494,1-3-4,18.0,1200,4.0,mix_u3,100,1.8282480749217283,0.0001,4,41373,41385,41457,0.05,3,0.22,0.24,0.26,0.28
1.3985531709705068,0.3354382529374979,0.0024209353141486645,1.356812584023108,0.30513826079367323,0.0023166865576058626,0.0406557135283947,0.4744032621383667,0.9143013617884085,6.386256694793701,0.4744032621383667,0.6325237154960632,1.2135772705078125,0.2795339822769165,10.367265701293945,26.70449447631836,0.0038801948229471844,mix_u3_234,geo,18.0,16.0,22.0,30.0,mixture,1.3776828774968073,0.3202882568655856,0.0023688109358772635,2-3-4,18.0,1200,4.0,mix_u3,100,2.3560890087011264,0.0001,0,1380,1392,1464,0.05,3,0.21999999999999997,0.24,0.26,0.28
1.4668930851320927,0.3831466165677492,0.002283276291564107,1.521292474680109,0.41956028583703897,0.0022920018527656794,0.043387480080127716,0.45849475264549255,0.9053697347029949,5.6594367027282715,0.45849475264549255,0.5897537469863892,1.2207679748535156,0.1954229772090912,11.392980575561523,23.72374153137207,0.0040875641504923505,mix_u3_234,geo,18.0,16.0,22.0,30.0,mixture,1.4940927799061008,0.4013534512023941,0.002287639072164893,2-3-4,18.0,1200,4.0,mix_u3,100,2.2216062777400207,0.0001,1,11380,11392,11464,0.05,3,0.21999999999999997,0.24,0.26,0.28
1.4198203625689116,0.35053035837754665,0.002324187196791172,1.4677777418855174,0.38374951674454383,0.0023131705820560455,0.041791245341300964,0.4640239477157593,0.9099373091690077,5.6352128982543945,0.4640239477157593,0.6179084181785583,1.2155404090881348,0.20085062086582184,11.244587898254395,23.76877784729004,0.0039620872338612875,mix_u3_234,geo,18.0,16.0,22.0,30.0,mixture,1.4437990522272144,0.36713993756104524,0.0023186788894236088,2-3-4,18.0,1200,4.0,mix_u3,100,2.175718100984403,0.0001,2,21380,21392,21464,0.05,3,0.21999999999999997,0.24,0.26,0.28
1.4049194814899508,0.3399799925954339,0.0024178880266845226,1.4088502683496462,0.3427739592424758,0.0024417731910943985,0.04262717813253403,0.48698776960372925,0.9124676618322046,6.067495822906494,0.48698776960372925,0.6430234909057617,1.2160639762878418,0.20466917753219604,10.857251167297363,22.31879997253418,0.00388788898785909,mix_u3_234,geo,18.0,16.0,22.0,30.0,mixture,1.4068848749197986,0.34137697591895483,0.0024298306088894606,2-3-4,18.0,1200,4.0,mix_u3,100,2.317369608949396,0.0001,3,31380,31392,31464,0.05,3,0.21999999999999997,0.24,0.26,0.28
1.4260240672353166,0.3548901992938027,0.0024260797072201967,1.35799787511846,0.30601146442133326,0.002430166117846966,0.03977902606129646,0.4856973886489868,0.9180991559951648,6.4654340744018555,0.48569735884666443,0.6540761590003967,1.2196348905563354,0.2494012713432312,11.026293754577637,29.516630172729492,0.004153019587198894,mix_u3_234,geo,18.0,16.0,22.0,30.0,mixture,1.3920109711768882,0.33045083185756796,0.0024281229125335813,2-3-4,18.0,1200,4.0,mix_u3,100,2.288896619324966,0.0001,4,41380,41392,41464,0.05,3,0.21999999999999997,0.24,0.26,0.28
1.3939575609955444,0.3321468678257953,0.002372599206864834,1.354019509537588,0.3030775832028119,0.0022672535851597786,0.04045872390270233,0.46462076902389526,0.9129209742653119,6.135082721710205,0.4646207392215729,0.6165156364440918,1.2107648849487305,0.26645609736442566,10.169504165649414,26.043346405029297,0.0037932701905568442,mix_u3_234,euc,18.0,16.0,22.0,30.0,mixture,1.3739885352665662,0.31761222551430357,0.002319926396012306,2-3-4,18.0,1200,4.0,mix_u3,100,1.8477186964325487,0.0001,0,1380,1392,1464,0.05,3,0.21999999999999997,0.24,0.26,0.28
1.4644179459459394,0.38145785700034,0.0022251675836741924,1.520057159264246,0.4187479389302523,0.0022368584759533405,0.043180979788303375,0.4471575617790222,0.9034322943874475,5.419589996337891,0.4471575915813446,0.5723439455032349,1.2171818017959595,0.18802359700202942,11.07956600189209,22.405542373657227,0.0039523013432820634,mix_u3_234,euc,18.0,16.0,22.0,30.0,mixture,1.4922375526050926,0.4001028979652962,0.0022310130298137665,2-3-4,18.0,1200,4.0,mix_u3,100,1.7921110434240561,0.0001,1,11380,11392,11464,0.05,3,0.21999999999999997,0.24,0.26,0.28
1.4175566922084568,0.3489347503233317,0.0022694962099194527,1.4643780192147084,0.3814305920548072,0.002252967096865177,0.041559960693120956,0.452528715133667,0.9081606110214574,5.439789772033691,0.4525287449359894,0.599657416343689,1.21210777759552,0.19348329305648804,10.920616149902344,22.385969161987305,0.0038299886385599773,mix_u3_234,euc,18.0,16.0,22.0,30.0,mixture,1.4409673557115825,0.36518267118906944,0.002261231653392315,2-3-4,18.0,1200,4.0,mix_u3,100,1.7712694507745228,0.0001,2,21380,21392,21464,0.05,3,0.21999999999999997,0.24,0.26,0.28
1.4026858664542952,0.3383888747351406,0.0023630501236766577,1.4068020976637523,0.3413191127053989,0.002384508028626442,0.042381297796964645,0.47576138377189636,0.9109190042685676,5.875534534454346,0.47576138377189636,0.6254584789276123,1.2129359245300293,0.196968674659729,10.58740520477295,21.55732536315918,0.003770501216252645,mix_u3_234,euc,18.0,16.0,22.0,30.0,mixture,1.4047439820590237,0.33985399372026975,0.00237377907615155,2-3-4,18.0,1200,4.0,mix_u3,100,1.8325542128908536,0.0001,3,31380,31392,31464,0.05,3,0.21999999999999997,0.24,0.26,0.28
1.4219304030099964,0.352015387152355,0.002371205249801278,1.3535867572429368,0.30275792646124977,0.0023774474393576384,0.03959257900714874,0.47493892908096313,0.9166364840132964,6.176554203033447,0.47493892908096313,0.6363332271575928,1.2161794900894165,0.2332439124584198,10.73909854888916,28.081632614135742,0.004014564355214437,mix_u3_234,euc,18.0,16.0,22.0,30.0,mixture,1.3877585801264667,0.32738665680680235,0.0023743263445794582,2-3-4,18.0,1200,4.0,mix_u3,100,1.8209641797939997,0.0001,4,41380,41392,41464,0.05,3,0.21999999999999997,0.24,0.26,0.28
1.5154036337371586,0.4156818283855346,0.0022548988927155733,1.5032926603921366,0.4076578093089518,0.0022323550656437874,0.043591152876615524,0.4488522410392761,0.9028830673192492,5.6854095458984375,0.44885218143463135,0.5771937370300293,1.2181205749511719,0.22441524267196655,11.4619722366333,30.036693572998047,0.004108713865280151,mix_u4_1234,geo,12.0,16.0,22.0,30.0,mixture,1.5093481470646477,0.4116698188472432,0.0022436269791796803,1-2-3-4,18.0,1200,4.0,mix_u4,100,2.226605107454094,0.0001,0,1487,1499,1571,0.05,4,0.22,0.24,0.26,0.28
1.5092992915978547,0.41164549782505855,0.002249636687338352,1.488893048467382,0.39803292336349283,0.0022100687492638826,0.047328054904937744,0.44934195280075073,0.8946725214284094,6.105496883392334,0.44934192299842834,0.5817639231681824,1.216300129890442,0.21146772801876068,11.560982704162598,27.469404220581055,0.00406898299853007,mix_u4_1234,geo,12.0,16.0,22.0,30.0,mixture,1.4990961700326184,0.4048392105942757,0.0022298527183011174,1-2-3-4,18.0,1200,4.0,mix_u4,100,2.3099981210437823,0.0001,1,11487,11499,11571,0.05,4,0.22,0.24,0.26,0.28
1.5142543495422411,0.4149231392817555,0.0022731455974280834,1.5118630623763025,0.41334270644444365,0.0021027266047894955,0.04440227895975113,0.4379568099975586,0.8986149365733149,4.810240745544434,0.4379568099975586,0.5496508479118347,1.2102882862091064,0.16551782190799713,10.8189058303833,19.325450897216797,0.00369143009185791,mix_u4_1234,geo,12.0,16.0,22.0,30.0,mixture,1.513058705959272,0.41413292286309955,0.0021879361011087894,1-2-3-4,18.0,1200,4.0,mix_u4,100,2.2545460287847625,0.0001,2,21487,21499,21571,0.05,4,0.22,0.24,0.26,0.28
1.5411508528822713,0.43252944439705965,0.002220969181507826,1.5194945837001224,0.41837776884063316,0.002143316436558962,0.044004034250974655,0.43657487630844116,0.8992062149268395,6.218944072723389,0.43657490611076355,0.5757007598876953,1.2163316011428833,0.23670604825019836,11.710550308227539,29.772911071777344,0.004221447706222534,mix_u4_1234,geo,12.0,16.0,22.0,30.0,mixture,1.5303227182911967,0.4254536066188464,0.002182142809033394,1-2-3-4,18.0,1200,4.0,mix_u4,100,2.323353720572847,0.0001,3,31487,31499,31571,0.05,4,0.22,0.24,0.26,0.28
1.5487265307858396,0.4374330001972221,0.002231602557003498,1.4825896963535918,0.3937903535020418,0.0022863883059471846,0.043184708803892136,0.4518750309944153,0.9044321862421607,6.215672016143799,0.4518750309944153,0.5897903442382812,1.2186256647109985,0.18861959874629974,11.338147163391113,23.699661254882812,0.004005319674809773,mix_u4_1234,geo,12.0,16.0,22.0,30.0,mixture,1.5156581135697156,0.41561167684963196,0.0022589954314753413,1-2-3-4,18.0,1200,4.0,mix_u4,100,2.4898761480258393,0.0001,4,41487,41499,41571,0.05,4,0.22,0.24,0.26,0.28
1.5120077775055614,0.4134384215969962,0.00219586375169456,1.5034043020495946,0.40773207130402733,0.0021758086513727903,0.04336768388748169,0.4372914433479309,0.9008265893440403,5.437695026397705,0.4372914433479309,0.5597454309463501,1.214110255241394,0.20744352042675018,11.154610633850098,28.739774703979492,0.003964214324951172,mix_u4_1234,euc,12.0,16.0,22.0,30.0,mixture,1.5077060397775779,0.41058524645051175,0.002185836201533675,1-2-3-4,18.0,1200,4.0,mix_u4,100,1.7943246338664962,0.0001,0,1487,1499,1571,0.05,4,0.22,0.24,0.26,0.28
1.5072701886752804,0.4103001926750371,0.002188456244766712,1.4883039691406093,0.39763719588494434,0.002155531197786331,0.046958912163972855,0.4376668632030487,0.8927062656279121,5.8222737312316895,0.4376668930053711,0.5638703107833862,1.2124725580215454,0.19952648878097534,11.222359657287598,25.704444885253906,0.003914109865824382,mix_u4_1234,euc,12.0,16.0,22.0,30.0,mixture,1.4977870789079448,0.4039686942799907,0.0021719937212765217,1-2-3-4,18.0,1200,4.0,mix_u4,100,1.8295891599114864,0.0001,1,11487,11499,11571,0.05,4,0.22,0.24,0.26,0.28
1.5117389647958486,0.4132606205221507,0.0022116799373179674,1.5107312462240057,0.41259380262895284,0.002041293540969491,0.044144563376903534,0.42567455768585205,0.8962950390624891,4.637827396392822,0.42567452788352966,0.5319968461990356,1.2063835859298706,0.15951362252235413,10.524653434753418,18.63623046875,0.003561724821726481,mix_u4_1234,euc,12.0,16.0,22.0,30.0,mixture,1.5112351055099271,0.4129272115755518,0.002126486739143729,1-2-3-4,18.0,1200,4.0,mix_u4,100,1.8064906657171715,0.0001,2,21487,21499,21571,0.05,4,0.22,0.24,0.26,0.28
1.538080213427142,0.4305350240974147,0.0021646120585501194,1.517103972139151,0.41680323601325936,0.0020882568787783384,0.04375503957271576,0.4254329204559326,0.8971517306986402,5.9325690269470215,0.425432950258255,0.5577068328857422,1.2124346494674683,0.22402118146419525,11.334692001342773,27.732370376586914,0.00405789852142334,mix_u4_1234,euc,12.0,16.0,22.0,30.0,mixture,1.5275920927831466,0.423669130055337,0.002126434468664229,1-2-3-4,18.0,1200,4.0,mix_u4,100,1.834942912188353,0.0001,3,31487,31499,31571,0.05,4,0.22,0.24,0.26,0.28
1.5480052039913321,0.4369671369133912,0.002184057841077447,1.480334513936051,0.39226808516645384,0.0022386200726032257,0.04302554577589035,0.4423457384109497,0.902733219652003,5.934063911437988,0.4423457384109497,0.5739635229110718,1.215694785118103,0.1821625679731369,11.077960014343262,22.741397857666016,0.0038809812068939208,mix_u4_1234,euc,12.0,16.0,22.0,30.0,mixture,1.5141698589636916,0.4146176110399225,0.0022113389568403363,1-2-3-4,18.0,1200,4.0,mix_u4,100,1.8947526595508875,0.0001,4,41487,41499,41571,0.05,4,0.22,0.24,0.26,0.28
